company_id,nse_symbol,fiscal_year,quarter,period_end,filing_date,source_url,match_confidence,attachment_format,extraction_status,extracted_char_count,xbrl_available,notes
HDFCBANK,HDFCBANK,FY2015,Q2,2014-09-30,21-Oct-2014 13:03:02,https://nsearchives.nseindia.com/corporate/HDFC_30092014_S_LR.zip,date_window_only,zip,needs_ocr,1,False,zip_contains_pdf(3_files)
HDFCBANK,HDFCBANK,FY2015,Q3,2014-12-31,14-Feb-2015 11:39:02,https://nsearchives.nseindia.com/corporate/HDFCBANK_31Dec14_S_02142015113901_.zip,date_window_only,zip,needs_ocr,9,False,zip_contains_pdf(1_files)
HDFCBANK,HDFCBANK,FY2015,Q4,2015-03-31,23-Apr-2015 14:47:02,https://nsearchives.nseindia.com/corporate/HDFCBANK_04232015144702_.zip,text_confirmed,zip,extracted,26290,False,zip_contains_pdf(1_files)
HDFCBANK,HDFCBANK,FY2016,Q1,2015-06-30,21-Jul-2015 11:34:30,https://nsearchives.nseindia.com/corporate/HDFC_resut_21072015113430.zip,date_window_only,zip,needs_ocr,9,False,zip_contains_pdf(1_files)
HDFCBANK,HDFCBANK,FY2016,Q2,2015-09-30,21-Oct-2015 12:32:52,https://nsearchives.nseindia.com/corporate/hafc.zip,date_window_only,zip,needs_ocr,2,False,zip_contains_pdf(2_files)
HDFCBANK,HDFCBANK,FY2016,Q3,2015-12-31,25-Jan-2016 14:09:55,https://nsearchives.nseindia.com/corporate/HDFCBANK_25012016140955.zip,date_window_only,zip,needs_ocr,9,False,zip_contains_pdf(1_files)
HDFCBANK,HDFCBANK,FY2016,Q4,2016-03-31,22-Apr-2016 13:23:31,https://nsearchives.nseindia.com/corporate/Results_22042016132331.zip,date_window_only,zip,needs_ocr,14,False,zip_contains_pdf(1_files)
HDFCBANK,HDFCBANK,FY2017,Q1,2016-06-30,21-Jul-2016 11:51:51,https://nsearchives.nseindia.com/corporate/Result30062016_21072016115151.zip,date_window_only,zip,needs_ocr,9,False,zip_contains_pdf(1_files)
HDFCBANK,HDFCBANK,FY2017,Q2,2016-09-30,25-Oct-2016 12:38:32,https://nsearchives.nseindia.com/corporate/SEResults_25102016123832.zip,text_confirmed,zip,needs_ocr,9,False,zip_contains_pdf(1_files)
HDFCBANK,HDFCBANK,FY2017,Q3,2016-12-31,24-Jan-2017 12:27:51,https://nsearchives.nseindia.com/corporate/Result31122016_24012017122751.zip,text_confirmed,zip,needs_ocr,10,False,zip_contains_pdf(1_files)
HDFCBANK,HDFCBANK,FY2017,Q4,2017-03-31,21-Apr-2017 13:13:30,https://nsearchives.nseindia.com/corporate/Results_21042017131330.zip,text_confirmed,zip,needs_ocr,15,False,zip_contains_pdf(1_files)
HDFCBANK,HDFCBANK,FY2018,Q1,2017-06-30,24-Jul-2017 12:22:45,https://nsearchives.nseindia.com/corporate/Result30062017_24072017122245.zip,text_confirmed,zip,needs_ocr,9,False,zip_contains_pdf(1_files)
HDFCBANK,HDFCBANK,FY2018,Q2,2017-09-30,24-Oct-2017 12:38:21,https://nsearchives.nseindia.com/corporate/Result_24102017123821.zip,text_confirmed,zip,needs_ocr,9,False,zip_contains_pdf(1_files)
HDFCBANK,HDFCBANK,FY2018,Q3,2017-12-31,19-Jan-2018 11:57:20,https://nsearchives.nseindia.com/corporate/SEINTIMATION_19012018115720.zip,text_confirmed,zip,needs_ocr,8,False,zip_contains_pdf(1_files)
HDFCBANK,HDFCBANK,FY2018,Q4,2018-03-31,21-Apr-2018 17:06:43,https://nsearchives.nseindia.com/corporate/Result1_21042018170643.zip,text_confirmed,zip,needs_ocr,15,False,zip_contains_pdf(1_files)
HDFCBANK,HDFCBANK,FY2019,Q1,2018-06-30,21-Jul-2018 15:08:14,https://nsearchives.nseindia.com/corporate/ResultMRF_21072018150814.zip,text_confirmed,zip,extracted,26651,True,zip_contains_pdf(1_files)
HDFCBANK,HDFCBANK,FY2019,Q2,2018-09-30,20-Oct-2018 15:47:25,https://nsearchives.nseindia.com/corporate/Result_20102018154725.zip,text_confirmed,zip,extracted,30804,False,zip_contains_pdf(1_files)
HDFCBANK,HDFCBANK,FY2019,Q3,2018-12-31,19-Jan-2019 16:12:00,https://nsearchives.nseindia.com/corporate/HDFCBANK_19012019161116_SEIntimationSandeepParekh_052.pdf,date_window_only,pdf,extracted,2335,True,
HDFCBANK,HDFCBANK,FY2019,Q4,2019-03-31,20-Apr-2019 15:31:47,https://nsearchives.nseindia.com/corporate/Result31032019_20042019153147.zip,text_confirmed,zip,extracted,41615,True,zip_contains_pdf(1_files)
HDFCBANK,HDFCBANK,FY2020,Q1,2019-06-30,20-Jul-2019 16:05:00,https://nsearchives.nseindia.com/corporate/HDFCBANK_20072019160445_SEResults_089.pdf,date_window_only,pdf,extracted,40884,True,
HDFCBANK,HDFCBANK,FY2020,Q2,2019-09-30,19-Oct-2019 16:25:16,https://nsearchives.nseindia.com/corporate/SEResult_19102019162516.zip,text_confirmed,zip,extracted,60192,True,zip_contains_pdf(1_files)
HDFCBANK,HDFCBANK,FY2020,Q3,2019-12-31,18-Jan-2020 15:27:15,https://nsearchives.nseindia.com/corporate/CombineResultMRF_18012020152715.zip,text_confirmed,zip,extracted,1353,True,zip_contains_pdf(1_files)
HDFCBANK,HDFCBANK,FY2020,Q4,2020-03-31,18-Apr-2020 14:31:53,https://nsearchives.nseindia.com/corporate/BSENSEResult_18042020143153.zip,text_confirmed,zip,extracted,3144,True,zip_contains_pdf(1_files)
HDFCBANK,HDFCBANK,FY2021,Q1,2020-06-30,18-Jul-2020 12:40:25,https://nsearchives.nseindia.com/corporate/SEIntimation18072020_18072020124025.zip,text_confirmed,zip,extracted,45954,True,zip_contains_pdf(1_files)
HDFCBANK,HDFCBANK,FY2021,Q2,2020-09-30,17-Oct-2020 16:19:30,https://nsearchives.nseindia.com/corporate/SEResultSep2020_17102020161930.zip,text_confirmed,zip,extracted,1562,True,zip_contains_pdf(1_files)
HDFCBANK,HDFCBANK,FY2021,Q3,2020-12-31,16-Jan-2021 16:46:43,https://nsearchives.nseindia.com/corporate/SEResultDec2020_16012021164643.zip,text_confirmed,zip,extracted,26097,True,zip_contains_pdf(1_files)
HDFCBANK,HDFCBANK,FY2021,Q4,2021-03-31,17-Apr-2021 14:32:57,https://nsearchives.nseindia.com/corporate/SEResults31March2021.pdf,text_confirmed,pdf,extracted,33487,True,
HDFCBANK,HDFCBANK,FY2022,Q1,2021-06-30,17-Jul-2021 12:53:37,https://nsearchives.nseindia.com/corporate/SEResult30June2021_17072021125337.pdf,text_confirmed,pdf,extracted,32738,True,
HDFCBANK,HDFCBANK,FY2022,Q2,2021-09-30,16-Oct-2021 14:50:25,https://nsearchives.nseindia.com/corporate/SEResultsSept302021_16102021145025.pdf,text_confirmed,pdf,extracted,41989,True,
HDFCBANK,HDFCBANK,FY2022,Q3,2021-12-31,15-Jan-2022 13:36:52,https://nsearchives.nseindia.com/corporate/HDFCBANK_15012022133652_2112HDFCBankSignedResults.pdf,date_window_only,pdf,extracted,43638,True,
HDFCBANK,HDFCBANK,FY2022,Q4,2022-03-31,16-Apr-2022 14:27:46,https://nsearchives.nseindia.com/corporate/SEResult31032022_16042022142746.pdf,text_confirmed,pdf,extracted,1820,True,
HDFCBANK,HDFCBANK,FY2023,Q1,2022-06-30,16-Jul-2022 13:34:48,https://nsearchives.nseindia.com/corporate/HDFCBANK_16072022133448_SEintimationresultsjune2022.pdf,date_window_only,pdf,extracted,24096,True,
HDFCBANK,HDFCBANK,FY2023,Q2,2022-09-30,15-Oct-2022 13:49:18,https://nsearchives.nseindia.com/corporate/HDFCBANK_15102022134918_Results_MRF.pdf,date_window_only,pdf,extracted,73889,True,
HDFCBANK,HDFCBANK,FY2023,Q3,2022-12-31,14-Jan-2023 13:02:51,https://nsearchives.nseindia.com/corporate/SEIntimationResult31122022_signed_14012023130251.pdf,text_confirmed,pdf,extracted,51509,True,
HDFCBANK,HDFCBANK,FY2023,Q4,2023-03-31,15-Apr-2023 13:32:50,https://nsearchives.nseindia.com/corporate/SEIntimationResults31032023_15042023133250.pdf,text_confirmed,pdf,extracted,60160,True,
HDFCBANK,HDFCBANK,FY2024,Q1,2023-06-30,30-Jun-2023 22:16:05,https://nsearchives.nseindia.com/corporate/HDFCBANK_30062023221605_SEintimationOutcomeAGMdateUpdated.pdf,date_window_only,pdf,extracted,4476,True,
HDFCBANK,HDFCBANK,FY2024,Q2,2023-09-30,16-Oct-2023 15:50:41,https://nsearchives.nseindia.com/corporate/SEResult30092023_16102023155041.pdf,text_confirmed,pdf,extracted,1931,True,
HDFCBANK,HDFCBANK,FY2024,Q3,2023-12-31,16-Jan-2024 15:53:02,https://nsearchives.nseindia.com/corporate/SEResultDec2023_16012024155302.pdf,text_confirmed,pdf,extracted,1607,True,
HDFCBANK,HDFCBANK,FY2024,Q4,2024-03-31,20-Apr-2024 14:31:20,https://nsearchives.nseindia.com/corporate/SEResultMarch2024_20042024143120.pdf,text_confirmed,pdf,extracted,1828,True,
HDFCBANK,HDFCBANK,FY2025,Q1,2024-06-30,20-Jul-2024 14:15:17,https://nsearchives.nseindia.com/corporate/SEResult30062024_20072024141517.pdf,text_confirmed,pdf,extracted,1570,True,
HDFCBANK,HDFCBANK,FY2025,Q2,2024-09-30,19-Oct-2024 14:12:47,https://nsearchives.nseindia.com/corporate/SEResultSept2024_19102024141247.pdf,text_confirmed,pdf,extracted,1683,True,
HDFCBANK,HDFCBANK,FY2025,Q3,2024-12-31,22-Jan-2025 14:07:25,https://nsearchives.nseindia.com/corporate/SEResult31122024_22012025140725.pdf,text_confirmed,pdf,extracted,2696,True,
HDFCBANK,HDFCBANK,FY2025,Q4,2025-03-31,19-Apr-2025 15:02:02,https://nsearchives.nseindia.com/corporate/HDFCBANK_19042025150107_SERsultMRF31032025.pdf,date_window_only,pdf,extracted,94070,True,
HDFCBANK,HDFCBANK,FY2026,Q1,2025-06-30,19-Jul-2025 14:51:02,https://nsearchives.nseindia.com/corporate/HDFCBANK_19072025144748_SEintimationBMFinancial_Results19jul2025_FINAL.pdf,text_confirmed,pdf,extracted,67056,True,
HDFCBANK,HDFCBANK,FY2026,Q2,2025-09-30,18-Oct-2025 14:08:44,https://nsearchives.nseindia.com/corporate/HDFCBANK_18102025140719_SEintimationBMFinancialResults18102025.pdf,text_confirmed,pdf,extracted,2253,True,
HDFCBANK,HDFCBANK,FY2026,Q3,2025-12-31,17-Jan-2026 14:41:09,https://nsearchives.nseindia.com/corporate/HDFCBANK_17012026143925_SEResultReg3017012026.pdf,text_confirmed,pdf,extracted,72239,True,
HDFCBANK,HDFCBANK,FY2026,Q4,2026-03-31,18-Apr-2026 14:45:47,https://nsearchives.nseindia.com/corporate/HDFCBANK_18042026144226_SEResultOutcome18042026.pdf,text_confirmed,pdf,extracted,6770,True,
HDFCBANK,HDFCBANK,FY2027,Q1,2026-06-30,18-Jul-2026 14:22:30,https://nsearchives.nseindia.com/corporate/HDFCBANK_18072026142204_SEIntimationResult30062026.pdf,text_confirmed,pdf,extracted,2410,True,
RELIANCE,RELIANCE,FY2015,Q2,2014-09-30,13-Oct-2014 18:19:02,https://nsearchives.nseindia.com/corporate/RIL_30092014_LR_10132014181902_.zip,date_window_only,zip,needs_ocr,14,False,zip_contains_pdf(1_files)
RELIANCE,RELIANCE,FY2015,Q3,2014-12-31,16-Jan-2015 18:23:02,https://nsearchives.nseindia.com/corporate/RELIANCE_31dec14_S_01162015182302_.zip,date_window_only,zip,needs_ocr,11,False,zip_contains_pdf(1_files)
RELIANCE,RELIANCE,FY2015,Q4,2015-03-31,17-Apr-2015 16:03:02,https://nsearchives.nseindia.com/corporate/RELIANCE_04172015160301_.zip,text_confirmed,zip,needs_ocr,13,False,zip_contains_pdf(1_files)
RELIANCE,RELIANCE,FY2016,Q1,2015-06-30,24-Jul-2015 16:29:53,https://nsearchives.nseindia.com/corporate/Reliance_24072015162953.zip,date_window_only,zip,needs_ocr,12,False,zip_contains_pdf(1_files)
RELIANCE,RELIANCE,FY2016,Q2,2015-09-30,16-Oct-2015 16:23:34,https://nsearchives.nseindia.com/corporate/RELIA_16102015162334.zip,date_window_only,zip,needs_ocr,14,False,zip_contains_pdf(1_files)
RELIANCE,RELIANCE,FY2016,Q3,2015-12-31,19-Jan-2016 16:45:05,https://nsearchives.nseindia.com/corporate/RELIANCE_19012016164505.zip,date_window_only,zip,needs_ocr,17,False,zip_contains_pdf(1_files)
RELIANCE,RELIANCE,FY2016,Q4,2016-03-31,22-Apr-2016 17:27:22,https://nsearchives.nseindia.com/corporate/Results_22042016172722.zip,date_window_only,zip,needs_ocr,21,False,zip_contains_pdf(1_files)
RELIANCE,RELIANCE,FY2017,Q1,2016-06-30,15-Jul-2016 17:07:23,https://nsearchives.nseindia.com/corporate/4185_001_15072016170723.zip,date_window_only,zip,needs_ocr,17,False,zip_contains_pdf(1_files)
RELIANCE,RELIANCE,FY2017,Q2,2016-09-30,20-Oct-2016 17:12:11,https://nsearchives.nseindia.com/corporate/1234_20102016171211.zip,date_window_only,zip,needs_ocr,21,False,zip_contains_pdf(1_files)
RELIANCE,RELIANCE,FY2017,Q3,2016-12-31,16-Jan-2017 17:26:46,https://nsearchives.nseindia.com/corporate/Q3_16012017172646.zip,text_confirmed,zip,needs_ocr,17,False,zip_contains_pdf(1_files)
RELIANCE,RELIANCE,FY2017,Q4,2017-03-31,24-Apr-2017 17:07:49,https://nsearchives.nseindia.com/corporate/123_24042017170749.zip,text_confirmed,zip,needs_ocr,27,False,zip_contains_pdf(1_files)
RELIANCE,RELIANCE,FY2018,Q1,2017-06-30,20-Jul-2017 17:44:16,https://nsearchives.nseindia.com/corporate/F18Q1FR_20072017174416.zip,text_confirmed,zip,needs_ocr,26,False,zip_contains_pdf(1_files)
RELIANCE,RELIANCE,FY2018,Q2,2017-09-30,13-Oct-2017 17:16:47,https://nsearchives.nseindia.com/corporate/FRH1F18_13102017171647.zip,text_confirmed,zip,needs_ocr,18,False,zip_contains_pdf(1_files)
RELIANCE,RELIANCE,FY2018,Q3,2017-12-31,19-Jan-2018 18:15:45,https://nsearchives.nseindia.com/corporate/FRQ3RIL_19012018181545.zip,text_confirmed,zip,extracted,38875,False,zip_contains_pdf(1_files)
RELIANCE,RELIANCE,FY2018,Q4,2018-03-31,27-Apr-2018 18:24:35,https://nsearchives.nseindia.com/corporate/1542_001_27042018182435.zip,text_confirmed,zip,extracted,52437,False,zip_contains_pdf(1_files)
RELIANCE,RELIANCE,FY2019,Q1,2018-06-30,27-Jul-2018 18:11:59,https://nsearchives.nseindia.com/corporate/RESULTSQ1201819_27072018181159.zip,text_confirmed,zip,extracted,34197,True,zip_contains_pdf(1_files)
RELIANCE,RELIANCE,FY2019,Q2,2018-09-30,17-Oct-2018 18:47:13,https://nsearchives.nseindia.com/corporate/FinancialResults_17102018184713.zip,text_confirmed,zip,extracted,46866,True,zip_contains_pdf(1_files)
RELIANCE,RELIANCE,FY2019,Q3,2018-12-31,17-Jan-2019 18:16:26,https://nsearchives.nseindia.com/corporate/FRQ3_17012019181626.zip,text_confirmed,zip,extracted,39445,True,zip_contains_pdf(1_files)
RELIANCE,RELIANCE,FY2019,Q4,2019-03-31,18-Apr-2019 18:15:31,https://nsearchives.nseindia.com/corporate/FinancialResultsF19_18042019181531.zip,text_confirmed,zip,extracted,98369,True,zip_contains_pdf(1_files)
RELIANCE,RELIANCE,FY2020,Q1,2019-06-30,19-Jul-2019 18:23:55,https://nsearchives.nseindia.com/corporate/UFRQ1F20_19072019182355.zip,text_confirmed,zip,extracted,50705,True,zip_contains_pdf(1_files)
RELIANCE,RELIANCE,FY2020,Q2,2019-09-30,18-Oct-2019 18:35:40,https://nsearchives.nseindia.com/corporate/FinancialResults_18102019183540.zip,text_confirmed,zip,extracted,71802,True,zip_contains_pdf(1_files)
RELIANCE,RELIANCE,FY2020,Q3,2019-12-31,17-Jan-2020 18:46:47,https://nsearchives.nseindia.com/corporate/FinancialResults_Dec_17012020184647.zip,text_confirmed,zip,extracted,57380,True,zip_contains_pdf(1_files)
RELIANCE,RELIANCE,FY2020,Q4,2020-03-31,30-Apr-2020 18:32:41,https://nsearchives.nseindia.com/corporate/CVR_30042020183241.zip,text_confirmed,zip,extracted,103835,True,zip_contains_pdf(1_files)
RELIANCE,RELIANCE,FY2021,Q1,2020-06-30,30-Jul-2020 19:18:06,https://nsearchives.nseindia.com/corporate/RILFinancialsQ1FY21_30072020191806.zip,text_confirmed,zip,extracted,63985,True,zip_contains_pdf(1_files)
RELIANCE,RELIANCE,FY2021,Q2,2020-09-30,30-Oct-2020 20:02:38,https://nsearchives.nseindia.com/corporate/UFS_30102020200238.zip,text_confirmed,zip,extracted,93195,True,zip_contains_pdf(1_files)
RELIANCE,RELIANCE,FY2021,Q3,2020-12-31,22-Jan-2021 19:50:19,https://nsearchives.nseindia.com/corporate/UFRQ3F21_22012021195019.zip,text_confirmed,zip,extracted,75308,True,zip_contains_pdf(1_files)
RELIANCE,RELIANCE,FY2021,Q4,2021-03-31,30-Apr-2021 19:34:56,https://nsearchives.nseindia.com/corporate/FSUpload_30042021193456.pdf,text_confirmed,pdf,extracted,109799,True,
RELIANCE,RELIANCE,FY2022,Q1,2021-06-30,23-Jul-2021 19:37:56,https://nsearchives.nseindia.com/corporate/UFS_23072021193756.pdf,text_confirmed,pdf,extracted,56417,True,
RELIANCE,RELIANCE,FY2022,Q2,2021-09-30,22-Oct-2021 20:17:39,https://nsearchives.nseindia.com/corporate/UFR22102021_22102021201739.pdf,text_confirmed,pdf,extracted,81872,True,
RELIANCE,RELIANCE,FY2022,Q3,2021-12-31,21-Jan-2022 19:48:07,https://nsearchives.nseindia.com/corporate/UFS21012022_21012022194807.pdf,text_confirmed,pdf,extracted,68453,True,
RELIANCE,RELIANCE,FY2022,Q4,2022-03-31,06-May-2022 19:39:15,https://nsearchives.nseindia.com/corporate/RELIANCE_06052022193915_RILAuditedResults06052022.pdf,date_window_only,pdf,extracted,102423,True,
RELIANCE,RELIANCE,FY2023,Q1,2022-06-30,22-Jul-2022 19:35:39,https://nsearchives.nseindia.com/corporate/RELIANCE_22072022193537_Financials730.pdf,text_confirmed,pdf,extracted,61352,True,
RELIANCE,RELIANCE,FY2023,Q2,2022-09-30,21-Oct-2022 19:38:09,https://nsearchives.nseindia.com/corporate/RELIANCE_21102022193809_UFR727.pdf,text_confirmed,pdf,extracted,79298,True,
RELIANCE,RELIANCE,FY2023,Q3,2022-12-31,20-Jan-2023 19:07:53,https://nsearchives.nseindia.com/corporate/UFR31122022_20012023190753.pdf,text_confirmed,pdf,extracted,68811,True,
RELIANCE,RELIANCE,FY2023,Q4,2023-03-31,21-Apr-2023 19:24:25,https://nsearchives.nseindia.com/corporate/AR31032023_21042023192425.pdf,text_confirmed,pdf,extracted,93638,True,
RELIANCE,RELIANCE,FY2024,Q1,2023-06-30,21-Jul-2023 19:39:21,https://nsearchives.nseindia.com/corporate/725UFR30062023_21072023193921.pdf,text_confirmed,pdf,extracted,65694,True,
RELIANCE,RELIANCE,FY2024,Q2,2023-09-30,27-Oct-2023 19:25:53,https://nsearchives.nseindia.com/corporate/Financialresults_27102023192553.pdf,text_confirmed,pdf,extracted,78556,True,
RELIANCE,RELIANCE,FY2024,Q3,2023-12-31,19-Jan-2024 18:13:53,https://nsearchives.nseindia.com/corporate/RILLR19012024_19012024181354.pdf,text_confirmed,pdf,extracted,67159,True,
RELIANCE,RELIANCE,FY2024,Q4,2024-03-31,22-Apr-2024 19:01:25,https://nsearchives.nseindia.com/corporate/SELETTER_22042024190125.pdf,text_confirmed,pdf,extracted,97046,True,
RELIANCE,RELIANCE,FY2025,Q1,2024-06-30,19-Jul-2024 19:16:04,https://nsearchives.nseindia.com/corporate/SEFR_19072024191604.pdf,text_confirmed,pdf,extracted,58387,True,
RELIANCE,RELIANCE,FY2025,Q2,2024-09-30,14-Oct-2024 19:02:31,https://nsearchives.nseindia.com/corporate/BM_SE_14102024190232.pdf,text_confirmed,pdf,extracted,76873,True,
RELIANCE,RELIANCE,FY2025,Q3,2024-12-31,16-Jan-2025 19:25:42,https://nsearchives.nseindia.com/corporate/SE_Result_16012025192542.pdf,text_confirmed,pdf,extracted,61889,True,
RELIANCE,RELIANCE,FY2025,Q4,2025-03-31,25-Apr-2025 20:05:15,https://nsearchives.nseindia.com/corporate/kavinavora_25042025200131_SE_FR.pdf,text_confirmed,pdf,extracted,88583,True,
RELIANCE,RELIANCE,FY2026,Q1,2025-06-30,18-Jul-2025 19:31:34,https://nsearchives.nseindia.com/corporate/kavinavora_18072025193102_SE_FR.pdf,text_confirmed,pdf,extracted,33948,True,
RELIANCE,RELIANCE,FY2026,Q2,2025-09-30,17-Oct-2025 19:01:21,https://nsearchives.nseindia.com/corporate/kavinavora_17102025190048_SE_F.pdf,date_window_only,pdf,extracted,74580,True,
RELIANCE,RELIANCE,FY2026,Q3,2025-12-31,16-Jan-2026 19:09:20,https://nsearchives.nseindia.com/corporate/kavinavora_16012026190810_FR_1.pdf,text_confirmed,pdf,extracted,65454,True,
RELIANCE,RELIANCE,FY2026,Q4,2026-03-31,24-Apr-2026 19:26:28,https://nsearchives.nseindia.com/corporate/kavinavora_24042026192614_SE_24042026_FR.pdf,text_confirmed,pdf,extracted,87415,True,
RELIANCE,RELIANCE,FY2027,Q1,2026-06-30,17-Jul-2026 19:07:44,https://nsearchives.nseindia.com/corporate/kavinavora_17072026190726_SE_FR_1.pdf,text_confirmed,pdf,extracted,55972,True,
ICICIBANK,ICICIBANK,FY2015,Q2,2014-09-30,30-Oct-2014 12:55:02,https://nsearchives.nseindia.com/corporate/ICICI30092014_S_AR.zip,date_window_only,zip,needs_ocr,1,False,zip_contains_pdf(3_files)
ICICIBANK,ICICIBANK,FY2015,Q3,2014-12-31,30-Jan-2015 14:07:02,https://nsearchives.nseindia.com/corporate/ICICIBANK_31Dec14_S.zip,date_window_only,zip,needs_ocr,1,False,zip_contains_pdf(3_files)
ICICIBANK,ICICIBANK,FY2015,Q4,2015-03-31,27-Apr-2015 14:23:02,https://nsearchives.nseindia.com/corporate/ICICIBANK_results.zip,date_window_only,zip,needs_ocr,4,False,zip_contains_pdf(3_files)
ICICIBANK,ICICIBANK,FY2016,Q1,2015-06-30,31-Jul-2015 12:11:03,https://nsearchives.nseindia.com/corporate/ICICI01.zip,date_window_only,zip,needs_ocr,1,False,zip_contains_pdf(2_files)
ICICIBANK,ICICIBANK,FY2016,Q2,2015-09-30,30-Oct-2015 13:20:44,https://nsearchives.nseindia.com/corporate/ICICIBANK_01.zip,date_window_only,zip,needs_ocr,3,False,zip_contains_pdf(2_files)
ICICIBANK,ICICIBANK,FY2016,Q3,2015-12-31,28-Jan-2016 16:03:29,https://nsearchives.nseindia.com/corporate/BSE_NSE_Result_Doc_28012016160329.zip,date_window_only,zip,extracted,14788,False,zip_contains_pdf(1_files)
ICICIBANK,ICICIBANK,FY2016,Q4,2016-03-31,29-Apr-2016 12:02:31,https://nsearchives.nseindia.com/corporate/BSE_NSE_Results-f_29042016120231.zip,date_window_only,zip,extracted,17350,False,zip_contains_pdf(1_files)
ICICIBANK,ICICIBANK,FY2017,Q1,2016-06-30,29-Jul-2016 16:39:07,https://nsearchives.nseindia.com/corporate/BSE_NSE_29072016_f_29072016163907.zip,date_window_only,zip,extracted,13280,False,zip_contains_pdf(1_files)
ICICIBANK,ICICIBANK,FY2017,Q2,2016-09-30,14-Oct-2016 17:18:00,https://nsearchives.nseindia.com/corporate/NSEBSE_14102016171827_270.zip,date_window_only,zip,needs_ocr,3,False,zip_contains_pdf(1_files)
ICICIBANK,ICICIBANK,FY2017,Q3,2016-12-31,31-Jan-2017 15:50:29,https://nsearchives.nseindia.com/corporate/NSE_BSE_31012017_Results_31012017155029.zip,text_confirmed,zip,extracted,15613,False,zip_contains_pdf(1_files)
ICICIBANK,ICICIBANK,FY2017,Q4,2017-03-31,03-May-2017 18:28:40,https://nsearchives.nseindia.com/corporate/BSE_NSE_Results_2017_03052017182840.zip,text_confirmed,zip,extracted,20142,False,zip_contains_pdf(1_files)
ICICIBANK,ICICIBANK,FY2018,Q1,2017-06-30,27-Jul-2017 17:02:27,https://nsearchives.nseindia.com/corporate/BSE_NSE_Results_27072017170227.zip,text_confirmed,zip,extracted,16524,False,zip_contains_pdf(1_files)
ICICIBANK,ICICIBANK,FY2018,Q2,2017-09-30,27-Oct-2017 16:21:41,https://nsearchives.nseindia.com/corporate/BSE_NSE_Result_27102017162141.zip,text_confirmed,zip,extracted,17212,False,zip_contains_pdf(1_files)
ICICIBANK,ICICIBANK,FY2018,Q3,2017-12-31,31-Jan-2018 16:26:15,https://nsearchives.nseindia.com/corporate/BSE_NSE_Result_31012018162615.zip,text_confirmed,zip,extracted,16997,False,zip_contains_pdf(1_files)
ICICIBANK,ICICIBANK,FY2018,Q4,2018-03-31,07-May-2018 17:48:55,https://nsearchives.nseindia.com/corporate/BSE_NSE_Results_07052018_07052018174855.zip,text_confirmed,zip,extracted,63378,True,zip_contains_pdf(1_files)
ICICIBANK,ICICIBANK,FY2019,Q1,2018-06-30,27-Jul-2018 17:49:27,https://nsearchives.nseindia.com/corporate/BSE_NSE_Final_Results_27072018174927.zip,text_confirmed,zip,extracted,35751,True,zip_contains_pdf(1_files)
ICICIBANK,ICICIBANK,FY2019,Q2,2018-09-30,04-Oct-2018 13:57:00,https://nsearchives.nseindia.com/corporate/listcontract1_04102018135659_ICICIBANK_OBM_001.pdf,date_window_only,pdf,extracted,2205,True,
ICICIBANK,ICICIBANK,FY2019,Q3,2018-12-31,30-Jan-2019 17:32:44,https://nsearchives.nseindia.com/corporate/1BSE_NSE_FR_30JAN2018_30012019173244.zip,text_confirmed,zip,extracted,37836,True,zip_contains_pdf(1_files)
ICICIBANK,ICICIBANK,FY2019,Q4,2019-03-31,06-May-2019 16:10:41,https://nsearchives.nseindia.com/corporate/FR_06052019161041.zip,text_confirmed,zip,extracted,51543,True,zip_contains_pdf(1_files)
ICICIBANK,ICICIBANK,FY2020,Q1,2019-06-30,27-Jul-2019 14:58:18,https://nsearchives.nseindia.com/corporate/Final_NSEBSE_27072019145818.zip,text_confirmed,zip,extracted,52574,True,zip_contains_pdf(1_files)
ICICIBANK,ICICIBANK,FY2020,Q2,2019-09-30,26-Oct-2019 14:30:00,https://nsearchives.nseindia.com/corporate/ICICIBANK_26102019142953_BSENSE_OCT2019_046.pdf,date_window_only,pdf,extracted,53294,True,
ICICIBANK,ICICIBANK,FY2020,Q3,2019-12-31,25-Jan-2020 14:25:36,https://nsearchives.nseindia.com/corporate/BSENSE_RESULTS_FR_JAN2020_25012020142536.zip,text_confirmed,zip,extracted,57216,True,zip_contains_pdf(1_files)
ICICIBANK,ICICIBANK,FY2020,Q4,2020-03-31,09-May-2020 16:15:12,https://nsearchives.nseindia.com/corporate/FinalNSE_BSE_May92020_09052020161512.zip,text_confirmed,zip,extracted,89502,True,zip_contains_pdf(1_files)
ICICIBANK,ICICIBANK,FY2021,Q1,2020-06-30,08-Jul-2020 17:50:00,https://nsearchives.nseindia.com/corporate/ICICIBANK_08072020175045_NSEBSE_July82020.pdf,date_window_only,pdf,extracted,3606,True,
ICICIBANK,ICICIBANK,FY2021,Q2,2020-09-30,31-Oct-2020 15:44:41,https://nsearchives.nseindia.com/corporate/NSE_BSE_OCT31_31102020154441.zip,text_confirmed,zip,extracted,53414,True,zip_contains_pdf(1_files)
ICICIBANK,ICICIBANK,FY2021,Q3,2020-12-31,30-Jan-2021 15:10:29,https://nsearchives.nseindia.com/corporate/NSEBSE_30012021151029.zip,text_confirmed,zip,extracted,70337,True,zip_contains_pdf(1_files)
ICICIBANK,ICICIBANK,FY2021,Q4,2021-03-31,24-Apr-2021 17:59:32,https://nsearchives.nseindia.com/corporate/NSEBSE_April24_2020_final.pdf,text_confirmed,pdf,extracted,79130,True,
ICICIBANK,ICICIBANK,FY2022,Q1,2021-06-30,24-Jul-2021 16:23:18,https://nsearchives.nseindia.com/corporate/BSE_NSE_FR_24072021162318.pdf,text_confirmed,pdf,extracted,56114,True,
ICICIBANK,ICICIBANK,FY2022,Q2,2021-09-30,23-Oct-2021 16:00:00,https://nsearchives.nseindia.com/corporate/nsebse_23102021160000.pdf,text_confirmed,pdf,extracted,72879,True,
ICICIBANK,ICICIBANK,FY2022,Q3,2021-12-31,22-Jan-2022 16:17:15,https://nsearchives.nseindia.com/corporate/NSEBSE_22012022161715.pdf,text_confirmed,pdf,extracted,67064,True,
ICICIBANK,ICICIBANK,FY2022,Q4,2022-03-31,23-Apr-2022 16:35:48,https://nsearchives.nseindia.com/corporate/NSEBSE_Final_23042022163548.pdf,text_confirmed,pdf,extracted,107813,True,
ICICIBANK,ICICIBANK,FY2023,Q1,2022-06-30,23-Jul-2022 15:05:06,https://nsearchives.nseindia.com/corporate/ICICIBANK_23072022150506_NSEBSE_.pdf,text_confirmed,pdf,extracted,54703,True,
ICICIBANK,ICICIBANK,FY2023,Q2,2022-09-30,22-Oct-2022 15:34:21,https://nsearchives.nseindia.com/corporate/ICICIBANK_22102022153421_1NSEBSE.pdf,text_confirmed,pdf,extracted,64309,True,
ICICIBANK,ICICIBANK,FY2023,Q3,2022-12-31,21-Jan-2023 15:58:57,https://nsearchives.nseindia.com/corporate/NSEBSE_JAN2023_signed_21012023155857.pdf,text_confirmed,pdf,extracted,57182,True,
ICICIBANK,ICICIBANK,FY2023,Q4,2023-03-31,22-Apr-2023 15:42:17,https://nsearchives.nseindia.com/corporate/NSEBSE_FR_APRIL23_22042023154217.pdf,text_confirmed,pdf,extracted,60921,True,
ICICIBANK,ICICIBANK,FY2024,Q1,2023-06-30,22-Jul-2023 15:21:33,https://nsearchives.nseindia.com/corporate/NSEBSEBMJuly222023signed_22072023152133.pdf,text_confirmed,pdf,extracted,56016,True,
ICICIBANK,ICICIBANK,FY2024,Q2,2023-09-30,21-Oct-2023 15:36:47,https://nsearchives.nseindia.com/corporate/NSEBSEFR_OCT_21102023153647.pdf,text_confirmed,pdf,extracted,67904,True,
ICICIBANK,ICICIBANK,FY2024,Q3,2023-12-31,20-Jan-2024 15:35:19,https://nsearchives.nseindia.com/corporate/NSEBSE_20012024153519.pdf,text_confirmed,pdf,extracted,63493,True,
ICICIBANK,ICICIBANK,FY2024,Q4,2024-03-31,27-Apr-2024 16:08:15,https://nsearchives.nseindia.com/corporate/NSEBSE_27042024160815.pdf,text_confirmed,pdf,extracted,84250,True,
ICICIBANK,ICICIBANK,FY2025,Q1,2024-06-30,27-Jul-2024 14:46:32,https://nsearchives.nseindia.com/corporate/NSEBSE_27072024144632.pdf,text_confirmed,pdf,extracted,56501,True,
ICICIBANK,ICICIBANK,FY2025,Q2,2024-09-30,26-Oct-2024 14:00:16,https://nsearchives.nseindia.com/corporate/NSEBSE_26102024140016.pdf,text_confirmed,pdf,extracted,19417,True,
ICICIBANK,ICICIBANK,FY2025,Q3,2024-12-31,25-Jan-2025 14:28:15,https://nsearchives.nseindia.com/corporate/NSEBSE_25012025_25012025142815.pdf,text_confirmed,pdf,extracted,74312,True,
ICICIBANK,ICICIBANK,FY2025,Q4,2025-03-31,19-Apr-2025 15:52:14,https://nsearchives.nseindia.com/corporate/ICICI2022_19042025154957_NSEBSE.pdf,date_window_only,pdf,extracted,100636,True,
ICICIBANK,ICICIBANK,FY2026,Q1,2025-06-30,19-Jul-2025 14:56:03,https://nsearchives.nseindia.com/corporate/ICICI2022_19072025145326_NSEBSE_19072025_.pdf,text_confirmed,pdf,extracted,69644,True,
ICICIBANK,ICICIBANK,FY2026,Q2,2025-09-30,18-Oct-2025 14:41:48,https://nsearchives.nseindia.com/corporate/ICICI2022_18102025144037_BSENSE.pdf,text_confirmed,pdf,extracted,77741,True,
ICICIBANK,ICICIBANK,FY2026,Q3,2025-12-31,17-Jan-2026 15:06:50,https://nsearchives.nseindia.com/corporate/ICICI2022_17012026150619_NSEBSE_17012026.pdf,text_confirmed,pdf,extracted,76810,True,
ICICIBANK,ICICIBANK,FY2026,Q4,2026-03-31,18-Apr-2026 14:59:55,https://nsearchives.nseindia.com/corporate/ICICI2022_18042026145407_NSEBSE_18042026.pdf,text_confirmed,pdf,extracted,96765,True,
ICICIBANK,ICICIBANK,FY2027,Q1,2026-06-30,18-Jul-2026 14:23:53,https://nsearchives.nseindia.com/corporate/ICICI2022_18072026142245_NSEBSE_18072026_.pdf,text_confirmed,pdf,extracted,69310,True,
TCS,TCS,FY2015,Q2,2014-09-30,16-Oct-2014 16:35:02,https://nsearchives.nseindia.com/corporate/TCS_30092014_B_AR_10162014163501_.zip,date_window_only,zip,needs_ocr,10,False,zip_contains_pdf(1_files)
TCS,TCS,FY2015,Q3,2014-12-31,15-Jan-2015 16:47:02,https://nsearchives.nseindia.com/corporate/TCS_31Dec14_S_01152015164702_.zip,date_window_only,zip,needs_ocr,8,False,zip_contains_pdf(1_files)
TCS,TCS,FY2015,Q4,2015-03-31,16-Apr-2015 17:43:02,https://nsearchives.nseindia.com/corporate/TCS_01_04162015174301_.zip,date_window_only,zip,needs_ocr,10,False,zip_contains_pdf(1_files)
TCS,TCS,FY2016,Q1,2015-06-30,09-Jul-2015 16:38:36,https://nsearchives.nseindia.com/corporate/TCS_resulst_conso_09072015163836.zip,date_window_only,zip,needs_ocr,7,False,zip_contains_pdf(1_files)
TCS,TCS,FY2016,Q2,2015-09-30,13-Oct-2015 17:08:44,https://nsearchives.nseindia.com/corporate/TCVS_13102015170844.zip,date_window_only,zip,needs_ocr,10,False,zip_contains_pdf(1_files)
TCS,TCS,FY2016,Q3,2015-12-31,12-Jan-2016 18:27:14,https://nsearchives.nseindia.com/corporate/TCS_result_12012016182714.zip,date_window_only,zip,needs_ocr,17,False,zip_contains_pdf(1_files)
TCS,TCS,FY2016,Q4,2016-03-31,18-Apr-2016 17:02:27,https://nsearchives.nseindia.com/corporate/TCSFY1516All_18042016170227.zip,date_window_only,zip,needs_ocr,24,False,zip_contains_pdf(1_files)
TCS,TCS,FY2017,Q1,2016-06-30,14-Jul-2016 16:12:04,https://nsearchives.nseindia.com/corporate/TCSQ1FY17_14072016161204.zip,date_window_only,zip,needs_ocr,21,False,zip_contains_pdf(1_files)
TCS,TCS,FY2017,Q2,2016-09-30,13-Oct-2016 16:33:49,https://nsearchives.nseindia.com/corporate/TCSQ2FY17_13102016163349.zip,date_window_only,zip,needs_ocr,26,False,zip_contains_pdf(1_files)
TCS,TCS,FY2017,Q3,2016-12-31,12-Jan-2017 15:32:09,https://nsearchives.nseindia.com/corporate/TCSJan122017_12012017153209.zip,text_confirmed,zip,needs_ocr,21,False,zip_contains_pdf(1_files)
TCS,TCS,FY2017,Q4,2017-03-31,18-Apr-2017 17:02:35,https://nsearchives.nseindia.com/corporate/TCS_April182017_18042017170235.zip,text_confirmed,zip,needs_ocr,28,False,zip_contains_pdf(1_files)
TCS,TCS,FY2018,Q1,2017-06-30,13-Jul-2017 16:36:39,https://nsearchives.nseindia.com/corporate/TCS_13072017163639.zip,text_confirmed,zip,needs_ocr,18,False,zip_contains_pdf(1_files)
TCS,TCS,FY2018,Q2,2017-09-30,12-Oct-2017 16:40:04,https://nsearchives.nseindia.com/corporate/TCS_12102017164004.zip,text_confirmed,zip,needs_ocr,22,False,zip_contains_pdf(1_files)
TCS,TCS,FY2018,Q3,2017-12-31,11-Jan-2018 17:27:40,https://nsearchives.nseindia.com/corporate/TCS_11012018172740.zip,text_confirmed,zip,needs_ocr,20,False,zip_contains_pdf(1_files)
TCS,TCS,FY2018,Q4,2018-03-31,19-Apr-2018 17:54:01,https://nsearchives.nseindia.com/corporate/TCSFinancialResults_19042018175401.zip,text_confirmed,zip,extracted,49370,False,zip_contains_pdf(1_files)
TCS,TCS,FY2019,Q1,2018-06-30,10-Jul-2018 17:04:55,https://nsearchives.nseindia.com/corporate/SEFinancialresults_10072018170455.zip,text_confirmed,zip,extracted,43406,False,zip_contains_pdf(1_files)
TCS,TCS,FY2019,Q2,2018-09-30,11-Oct-2018 16:44:45,https://nsearchives.nseindia.com/corporate/SELETTER_11102018164445.zip,text_confirmed,zip,extracted,51245,True,zip_contains_pdf(1_files)
TCS,TCS,FY2019,Q3,2018-12-31,10-Jan-2019 16:58:27,https://nsearchives.nseindia.com/corporate/SEIntimation_10012019165827.zip,text_confirmed,zip,extracted,48260,True,zip_contains_pdf(1_files)
TCS,TCS,FY2019,Q4,2019-03-31,12-Apr-2019 16:40:41,https://nsearchives.nseindia.com/corporate/PostBMLetterMarch_12042019164041.zip,text_confirmed,zip,extracted,51070,True,zip_contains_pdf(1_files)
TCS,TCS,FY2020,Q1,2019-06-30,09-Jul-2019 17:17:29,https://nsearchives.nseindia.com/corporate/TCSFinancialResultsJune2019_09072019171729.zip,text_confirmed,zip,extracted,52128,True,zip_contains_pdf(1_files)
TCS,TCS,FY2020,Q2,2019-09-30,10-Oct-2019 16:41:34,https://nsearchives.nseindia.com/corporate/TCSfinal_10102019164134.zip,text_confirmed,zip,extracted,77083,True,zip_contains_pdf(1_files)
TCS,TCS,FY2020,Q3,2019-12-31,17-Jan-2020 16:01:52,https://nsearchives.nseindia.com/corporate/SELetter_17012020160152.zip,text_confirmed,zip,extracted,71155,True,zip_contains_pdf(1_files)
TCS,TCS,FY2020,Q4,2020-03-31,16-Apr-2020 19:13:13,https://nsearchives.nseindia.com/corporate/SEIntimation_16042020191313.zip,text_confirmed,zip,extracted,85411,True,zip_contains_pdf(1_files)
TCS,TCS,FY2021,Q1,2020-06-30,09-Jul-2020 17:49:41,https://nsearchives.nseindia.com/corporate/SEFiling_09072020174941.zip,text_confirmed,zip,extracted,65255,True,zip_contains_pdf(1_files)
TCS,TCS,FY2021,Q2,2020-09-30,07-Oct-2020 18:32:18,https://nsearchives.nseindia.com/corporate/FinancialResults_07102020183218.zip,text_confirmed,zip,extracted,87337,True,zip_contains_pdf(1_files)
TCS,TCS,FY2021,Q3,2020-12-31,08-Jan-2021 18:07:47,https://nsearchives.nseindia.com/corporate/SEIntimation_08012021180747.zip,text_confirmed,zip,extracted,77482,True,zip_contains_pdf(1_files)
TCS,TCS,FY2021,Q4,2021-03-31,12-Apr-2021 18:43:59,https://nsearchives.nseindia.com/corporate/SEfilingPg1and2.pdf,text_confirmed,pdf,extracted,108519,True,
TCS,TCS,FY2022,Q1,2021-06-30,08-Jul-2021 18:41:57,https://nsearchives.nseindia.com/corporate/SEFiling_08072021184157.pdf,text_confirmed,pdf,extracted,81261,True,
TCS,TCS,FY2022,Q2,2021-09-30,08-Oct-2021 18:23:49,https://nsearchives.nseindia.com/corporate/SEIntimationOct8_08102021182349.pdf,text_confirmed,pdf,extracted,100078,True,
TCS,TCS,FY2022,Q3,2021-12-31,12-Jan-2022 18:29:58,https://nsearchives.nseindia.com/corporate/TCS_12012022182958_SELetterOutcomeofBuyback.pdf,date_window_only,pdf,extracted,3409,True,
TCS,TCS,FY2022,Q4,2022-03-31,11-Apr-2022 17:38:57,https://nsearchives.nseindia.com/corporate/TCS_11042022173852_SEIntimation.pdf,date_window_only,pdf,extracted,76546,True,
TCS,TCS,FY2023,Q1,2022-06-30,08-Jul-2022 16:36:53,https://nsearchives.nseindia.com/corporate/SELetter_08072022163653.pdf,text_confirmed,pdf,extracted,63150,True,
TCS,TCS,FY2023,Q2,2022-09-30,10-Oct-2022 16:47:40,https://nsearchives.nseindia.com/corporate/TCS_10102022164739_SELETTERFINALsigned.pdf,date_window_only,pdf,extracted,75761,True,
TCS,TCS,FY2023,Q3,2022-12-31,09-Jan-2023 17:14:35,https://nsearchives.nseindia.com/corporate/SEINT_final_09012023171435.pdf,text_confirmed,pdf,extracted,67080,True,
TCS,TCS,FY2023,Q4,2023-03-31,12-Apr-2023 17:17:07,https://nsearchives.nseindia.com/corporate/BMFinancialresultssignedprint_12042023171707.pdf,text_confirmed,pdf,extracted,50122,True,
TCS,TCS,FY2024,Q1,2023-06-30,12-Jul-2023 15:54:53,https://nsearchives.nseindia.com/corporate/SEFinancials_12072023155453.pdf,text_confirmed,pdf,extracted,38613,True,
TCS,TCS,FY2024,Q2,2023-09-30,11-Oct-2023 17:03:52,https://nsearchives.nseindia.com/corporate/SEFinsignedprinttopdf_11102023170352.pdf,text_confirmed,pdf,extracted,22837,True,
TCS,TCS,FY2024,Q3,2023-12-31,11-Jan-2024 15:53:19,https://nsearchives.nseindia.com/corporate/SELetter_signed_11012024155319.pdf,text_confirmed,pdf,extracted,44945,True,
TCS,TCS,FY2024,Q4,2024-03-31,12-Apr-2024 15:36:45,https://nsearchives.nseindia.com/corporate/SELetterFinancialResults_12042024153645.pdf,text_confirmed,pdf,extracted,53115,True,
TCS,TCS,FY2025,Q1,2024-06-30,11-Jul-2024 15:38:49,https://nsearchives.nseindia.com/corporate/SELetterFin_signed_11072024153849.pdf,text_confirmed,pdf,extracted,37855,True,
TCS,TCS,FY2025,Q2,2024-09-30,10-Oct-2024 16:06:39,https://nsearchives.nseindia.com/corporate/SEIntfinancials_10102024160639.pdf,text_confirmed,pdf,extracted,54389,True,
TCS,TCS,FY2025,Q3,2024-12-31,09-Jan-2025 16:10:53,https://nsearchives.nseindia.com/corporate/SE_Letter-_financialssigned_09012025161053.pdf,text_confirmed,pdf,extracted,36215,True,
TCS,TCS,FY2025,Q4,2025-03-31,10-Apr-2025 16:05:24,https://nsearchives.nseindia.com/corporate/TCS_CORPCS_10042025160349_BM_Outcome_financials_signed.pdf,date_window_only,pdf,extracted,50390,True,
TCS,TCS,FY2026,Q1,2025-06-30,10-Jul-2025 15:57:29,https://nsearchives.nseindia.com/corporate/TCS_CORPCS_10072025155700_SEIntfinancials.pdf,text_confirmed,pdf,extracted,35679,True,
TCS,TCS,FY2026,Q2,2025-09-30,09-Oct-2025 15:52:18,https://nsearchives.nseindia.com/corporate/TCS_CORPCS_09102025154951_PostBMSELetter.pdf,text_confirmed,pdf,extracted,48069,True,
TCS,TCS,FY2026,Q3,2025-12-31,12-Jan-2026 15:50:27,https://nsearchives.nseindia.com/corporate/TCS_CORPCS_12012026154849_Post_BM_SE_Letter_final.pdf,text_confirmed,pdf,extracted,56718,True,
TCS,TCS,FY2026,Q4,2026-03-31,09-Apr-2026 15:55:34,https://nsearchives.nseindia.com/corporate/TCS_CORPCS_09042026155026_SE_Outcome_signed.pdf,text_confirmed,pdf,extracted,71143,True,
TCS,TCS,FY2027,Q1,2026-06-30,09-Jul-2026 15:52:21,https://nsearchives.nseindia.com/corporate/TCS_CORPCS_09072026155158_Post_BM_SE_Lettersigned.pdf,text_confirmed,pdf,extracted,47520,True,
