symbol,sort_date,desc,attchmntText,attchmntFile,has_real_pdf,reported_period_end
ADANIENT,2026-07-29 14:36:38,Outcome of Board Meeting,"Adani Enterprises Limited has submitted to the Exchange, the financial results for the period ended Jun 30, 2026.",https://nsearchives.nseindia.com/corporate/ADANIENT_29072026143517_AELBMOutcome29072026_1.pdf,True,2026-06-30
ADANIENT,2026-02-03 14:41:34,Outcome of Board Meeting,"Adani Enterprises Limited has submitted to the Exchange, the financial results for the period ended December 31, 2025.",https://nsearchives.nseindia.com/corporate/ADANIENT_03022026143851_AELOutcomeofBM03022026.pdf,True,2025-12-31
ADANIENT,2025-11-04 20:09:27,Outcome of Board Meeting,"Adani Enterprises Limited has submitted to the Exchange, the financial results for the period ended September 30, 2025.",https://nsearchives.nseindia.com/corporate/nishant_joshi_adani_com_04112025200618_AELBoardoutcome04112025_final.pdf,True,2025-09-30
ADANIPORTS,2026-07-29 12:32:48,Outcome of Board Meeting,"Adani Ports and Special Economic Zone Limited has submitted to the Exchange, the financial results for the period ended Jun 30, 2026.",https://nsearchives.nseindia.com/corporate/rkbhagia_29072026123138_OutcomeofBoardMeeting.pdf,True,2026-06-30
ADANIPORTS,2026-04-30 13:43:12,Outcome of Board Meeting,"Adani Ports and Special Economic Zone Limited has submitted to the Exchange, the financial results for the period ended March 31, 2026.",https://nsearchives.nseindia.com/corporate/rkbhagia_30042026134205_OutcomeofBoardMeeting.pdf,True,2026-03-31
ADANIPORTS,2026-02-03 13:17:38,Outcome of Board Meeting,"Adani Ports and Special Economic Zone Limited has submitted to the Exchange, the financial results for the period ended December 31, 2025.",https://nsearchives.nseindia.com/corporate/rkbhagia_03022026131652_OutcomeofBM.pdf,True,2025-12-31
ADANIPORTS,2025-11-04 13:01:50,Outcome of Board Meeting,"Adani Ports and Special Economic Zone Limited has submitted to the Exchange, the financial results for the period ended September 30, 2025.",https://nsearchives.nseindia.com/corporate/rkbhagia_04112025130037_OutcomeofBoardMeeting.pdf,True,2025-09-30
APOLLOHOSP,2026-08-12 19:52:46,Outcome of Board Meeting,"Apollo Hospitals Enterprise Limited has submitted to the Exchange, the financial results for the period ended Jun 30, 2026.",https://nsearchives.nseindia.com/corporate/APOLLOHOSP_12082026195150_SE_Communication_12082026_1.pdf,True,2026-06-30
APOLLOHOSP,2026-05-20 17:54:31,Outcome of Board Meeting,"Apollo Hospitals Enterprise Limited has submitted to the Exchange, the financial results for the period ended March 31, 2026.",https://nsearchives.nseindia.com/corporate/APOLLOHOSP_20052026175246_SE_outcome_Board_Meeting.pdf,True,2026-03-31
APOLLOHOSP,2026-02-10 17:50:27,Outcome of Board Meeting,"Apollo Hospitals Enterprise Limited has submitted to the Exchange, the financial results for the period ended December 31, 2025.",https://nsearchives.nseindia.com/corporate/APOLLOHOSP_10022026174926_SE_communication_10022026.pdf,True,2025-12-31
APOLLOHOSP,2025-11-06 17:56:16,Outcome of Board Meeting,"Apollo Hospitals Enterprise Limited has submitted to the Exchange, the financial results for the period ended September 30, 2025.",https://nsearchives.nseindia.com/corporate/APOLLOHOSP_06112025175448_SE_communication_06112025_s.pdf,True,2025-09-30
ASIANPAINT,2026-07-29 14:02:54,Outcome of Board Meeting,"The Board of Directors at their meeting held today, i.e., Wednesday, 29th July 2026, have, inter alia, approved the audited standalone and unaudited consolidated financial results of the Company for the quarter ended 30th June 2026.",https://nsearchives.nseindia.com/corporate/ASIANPAINT_29072026140039_SEintimationJune26.pdf,True,
ASIANPAINT,2026-01-27 14:01:50,Outcome of Board Meeting,"The Board of Directors at their meeting held today i.e.,27th January 2026, have, inter alia, approved the audited standalone and unaudited consolidated financial results of the Company for the quarter and nine months period ended 31st December 2025.",https://nsearchives.nseindia.com/corporate/ASIANPAINT_27012026140057_SEINTIMATIONQ3FY26.pdf,True,
ASIANPAINT,2026-01-27 13:58:57,Outcome of Board Meeting,"The Board of Directors at their meeting held today i.e.,27th January 2026, have, inter alia, approved the audited standalone and unaudited consolidated financial results of the Company for the quarter and nine months period ended 31st December 2025.",https://nsearchives.nseindia.com/corporate/ASIANPAINT_27012026135708_SEINTIMATIONQ3FY26.pdf,True,
ASIANPAINT,2025-11-12 15:05:01,Outcome of Board Meeting,"The Board of Directors at their meeting held today i.e.,12th November 2025, have, inter alia, approved the audited standalone and unaudited consolidated financial results of the Company for the quarter and half year ended 30th September 2025 and payment of interim dividend of Rs. 4.50 (Rupees four a",https://nsearchives.nseindia.com/corporate/ASIANPAINT_12112025150413_SEINTIMATIONFSH12025.pdf,True,
AXISBANK,2026-07-18 11:24:12,Outcome of Board Meeting,"Axis Bank Limited has submitted to the Exchange, the financial results for the period ended Jun 30, 2026.",https://nsearchives.nseindia.com/corporate/AXISBANK1_18072026112345_Axis_Bank_Q1FY27_results.pdf,True,2026-06-30
AXISBANK,2026-04-25 12:58:44,Outcome of Board Meeting,"Axis Bank Limited has submitted to the Exchange, the financial results for the period ended March 31, 2026.",https://nsearchives.nseindia.com/corporate/AXISBANK1_25042026125818_AFRQ4FY26.pdf,True,2026-03-31
AXISBANK,2026-01-26 13:14:18,Outcome of Board Meeting,"Axis Bank Limited has submitted to the Exchange, the financial results for the period ended December 31, 2025.",https://nsearchives.nseindia.com/corporate/AXISBANK1_26012026131344_UFR_and_Audit_report_Q3FY26.pdf,True,2025-12-31
AXISBANK,2025-10-15 15:36:43,Outcome of Board Meeting,"Axis Bank Limited has submitted to the Exchange, the financial results for the period ended September 30, 2025.",https://nsearchives.nseindia.com/corporate/AXISBANK1_15102025153623_Signed_UFR_and_Audit_report_Q2FY26.pdf,True,2025-09-30
BAJAJ-AUTO,2026-07-21 12:43:08,Outcome of Board Meeting,"Bajaj Auto Limited has submitted to the Exchange, the financial results for the period ended Jun 30, 2026.",https://nsearchives.nseindia.com/corporate/lkwalimbe_bajajauto_co_in_21072026124211_SE_FR.pdf,True,2026-06-30
BAJAJ-AUTO,2026-05-06 18:27:38,Outcome of Board Meeting,"Bajaj Auto Limited has submitted to the Exchange, the financial results for the period ended March 31, 2026.",https://nsearchives.nseindia.com/corporate/lkwalimbe_bajajauto_co_in_06052026182412_Outcome_of_Board_Meeting.pdf,True,2026-03-31
BAJAJ-AUTO,2026-01-30 16:29:45,Outcome of Board Meeting,"Bajaj Auto Limited has submitted to the Exchange, the financial results for the period ended December 31, 2025.",https://nsearchives.nseindia.com/corporate/lkwalimbe_bajajauto_co_in_30012026162829_SE_-_Outcome_-_BM_30_Jan_26.pdf,True,2025-12-31
BAJAJ-AUTO,2025-11-07 17:03:28,Outcome of Board Meeting,"Bajaj Auto Limited has submitted to the Exchange, the financial results for the period ended September 30, 2025.",https://nsearchives.nseindia.com/corporate/lkwalimbe_bajajauto_co_in_07112025170145_SE_-_Outcome.pdf,True,2025-09-30
BAJAJFINSV,2026-07-31 11:56:45,Outcome of Board Meeting,"Bajaj Finserv Limited has submitted to the Exchange, the unaudited financial results for the period ended 30 June 2026.",https://nsearchives.nseindia.com/corporate/BAJAJFINSV_31072026115610_SEIntimationsjuly2026.pdf,True,
BAJAJFINSV,2026-04-30 14:14:41,Outcome of Board Meeting,"Bajaj Finserv Limited has submitted to the Exchange, the financial results for the period ended March 31, 2026.",https://nsearchives.nseindia.com/corporate/walimbelk_30042026141401_BFSBMOUTCOMEFINAL30APRIL2026_1.pdf,True,2026-03-31
BAJAJFINSV,2026-02-04 13:20:02,Outcome of Board Meeting,"Bajaj Finserv Limited has submitted to the Exchange, the financial results for the period ended December 31, 2025.",https://nsearchives.nseindia.com/corporate/walimbelk_04022026131803_BFSOUTCOMEOFBM040226.pdf,True,2025-12-31
BAJAJFINSV,2025-11-11 13:48:50,Outcome of Board Meeting,"Bajaj Finserv Limited has submitted to the Exchange, the financial results for the period ended September 30, 2025.",https://nsearchives.nseindia.com/corporate/walimbelk_11112025134637_BFSOutcomeofBM11November2025.pdf,True,2025-09-30
BAJFINANCE,2026-07-30 15:19:07,Outcome of Board Meeting,"Bajaj Finance Limited has submitted to the Exchange, the financial results for the period ended Jun 30, 2026.",https://nsearchives.nseindia.com/corporate/BAJFINANCE_30072026151503_Financials_set_Final.pdf,True,2026-06-30
BAJFINANCE,2026-04-29 16:34:28,Outcome of Board Meeting,"Bajaj Finance Limited has submitted to the Exchange, the financial results for the period ended March 31, 2026.",https://nsearchives.nseindia.com/corporate/BAJFINANCE_29042026163247_BSENSEOUTCOME.pdf,True,2026-03-31
BAJFINANCE,2026-02-03 17:11:40,Outcome of Board Meeting,"Bajaj Finance Limited has submitted to the Exchange, the financial results for the period ended December 31, 2025. The Board Meeting today commenced at 3:45 p.m. and consideration of unaudited financial results for the quarter and nine months ended 31 December 2025 was approved at 4:55 p.m. The proc",https://nsearchives.nseindia.com/corporate/BAJFINANCE_03022026170438_BMOutcome_03022026_final.pdf,True,2025-12-31
BAJFINANCE,2025-11-10 17:09:32,Outcome of Board Meeting,"Bajaj Finance Limited has submitted to the Exchange, the financial results for the period ended September 30, 2025.",https://nsearchives.nseindia.com/corporate/BAJFINANCE_10112025170715_OutcomeQ2FY2026.pdf,True,2025-09-30
BEL,2026-07-27 16:06:24,Outcome of Board Meeting,"Bharat Electronics Limited has submitted to the Exchange, the financial results for the period ended Jun 30, 2026 and approval for increase in Authorised Share Capital.",https://nsearchives.nseindia.com/corporate/BEL_27072026160426_Lettersigned.pdf,True,2026-06-30
BEL,2026-05-19 15:23:04,Outcome of Board Meeting,"Bharat Electronics Limited has submitted to the Exchange, the financial results for the period ended March 31, 2026 and recommendation of Final Dividend for FY 2025-26.",https://nsearchives.nseindia.com/corporate/BEL_19052026151725_Letter_signed.pdf,True,2026-03-31
BEL,2026-01-28 14:05:10,Outcome of Board Meeting,"Bharat Electronics Limited has submitted to the Exchange, the financial results for the period ended December 31, 2025.",https://nsearchives.nseindia.com/corporate/BEL_28012026140350_FIN_Q3_signed.pdf,True,2025-12-31
BEL,2025-10-31 13:01:00,Outcome of Board Meeting,"Bharat Electronics Limited has submitted to the Exchange, the financial results for the period ended September 30, 2025.",https://nsearchives.nseindia.com/corporate/BEL_31102025130019_Q2_2025-26_Signed.pdf,True,2025-09-30
BHARTIARTL,2026-08-05 13:16:23,General Updates,"Bharti Airtel Limited has informed the Exchange about Publication of Newspaper advertisements w.r.t. Audited Financial Results for the first quarter (Q1) ended June 30, 2026",https://nsearchives.nseindia.com/corporate/BHARTIARTL_05082026131552_AirtelStxIntimationNewpaperAdv.pdf,True,
BHARTIARTL,2026-08-04 16:22:36,Outcome of Board Meeting,"Bharti Airtel Limited has submitted to the Exchange, the financial results for the period ended Jun 30, 2026.",https://nsearchives.nseindia.com/corporate/BHARTIARTL_04082026162200_FR.pdf,True,2026-06-30
BHARTIARTL,2026-05-14 12:45:58,General Updates,"Bharti Airtel Limited has informed the Exchange about Publication of Newspaper advertisements  w.r.t. Audited Financial Results for the fourth quarter (Q4) and year ended March 31, 2026",https://nsearchives.nseindia.com/corporate/BHARTIARTL_14052026124531_STX_intimation_EV.pdf,True,2026-03-31
BHARTIARTL,2026-02-05 16:16:36,Outcome of Board Meeting,"Bharti Airtel Limited has submitted to the Exchange, the financial results for the period ended December 31, 2025.",https://nsearchives.nseindia.com/corporate/BHARTIARTL_05022026161519_FR.pdf,True,2025-12-31
BHARTIARTL,2025-11-03 16:33:29,Outcome of Board Meeting,"Bharti Airtel Limited has submitted to the Exchange, the financial results for the period ended September 30, 2025.",https://nsearchives.nseindia.com/corporate/BHARTIARTL_03112025163224_FR.pdf,True,2025-09-30
CIPLA,2026-07-23 12:00:06,Outcome of Board Meeting,"Cipla Limited has submitted to the Exchange, the financial results for the period ended June 30, 2026.",https://nsearchives.nseindia.com/corporate/CIPLA_23072026115824_SEIntimationFinancialresultsQ1FY27F.pdf,True,2026-06-30
CIPLA,2026-05-13 12:36:49,Outcome of Board Meeting,"Cipla Limited has submitted to the Exchange, the financial results for the period ended March 31, 2026.",https://nsearchives.nseindia.com/corporate/CIPLA_13052026123600_SignedFinancialResults13052026Signed.pdf,True,2026-03-31
CIPLA,2026-01-23 13:27:17,Outcome of Board Meeting,"Cipla Limited has submitted to the Exchange, the financial results for the period ended December 31, 2025.",https://nsearchives.nseindia.com/corporate/CIPLA_23012026132656_SignedFinancialResults_31122025_Signed.pdf,True,2025-12-31
CIPLA,2025-10-30 12:51:16,Outcome of Board Meeting,"Cipla Limited has submitted to the Exchange, the financial results for the period ended September 30, 2025.",https://nsearchives.nseindia.com/corporate/CIPLA_30102025124916_SignedIntimationFinancialResults30092025signed.pdf,True,2025-09-30
COALINDIA,2026-07-28 13:19:31,General Updates,Coal India Limited has informed the Exchange about Newspaper publication on  Unaudited Financial Results of Coal India Limited (Standalone & Consolidated) for the 1st Quarter ended 30th June  2026,https://nsearchives.nseindia.com/corporate/COALINDIA_28072026131828_Newspaper_publication_Q1.pdf,True,
COALINDIA,2026-07-27 17:58:05,General Updates,Investor Presentation made by Company on the Unaudited Financial Results of Coal India Limited (Standalone & Consolidated) for the 1st Quarter ended 30th Jun 26.,https://nsearchives.nseindia.com/corporate/COALINDIA_27072026175754_Presentation.pdf,True,
COALINDIA,2026-07-27 17:25:36,Outcome of Board Meeting,Unaudited Financial Results of Coal India Limited (Standalone & Consolidated) for the 1st Quarter ended 30th Jun 2026 and declaration of Interim Dividend for FY 2026-27,https://nsearchives.nseindia.com/corporate/COALINDIA_27072026172437_Results.pdf,True,
COALINDIA,2026-04-27 20:36:02,General Updates,Investor Presentation made by Company on the Audited Financial Results of Coal India Limited (Standalone & Consolidated) for the 4th Quarter and Financial year ended 31st Mar 26.,https://nsearchives.nseindia.com/corporate/COALINDIA_27042026203552_Presentation_final.pdf,True,
COALINDIA,2026-04-27 20:31:07,Outcome of Board Meeting,"Coal India Limited has submitted to the Exchange, the financial results for the period ended March 31, 2026.",https://nsearchives.nseindia.com/corporate/COALINDIA_27042026202823_result_final.pdf,True,2026-03-31
COALINDIA,2026-02-12 19:03:40,General Updates,Presentation made by Company on the Un-Audited Financial Results of Coal India Limited (Standalone & Consolidated) for the 3rd Quarter and Nine Months ended 31st December  2025,https://nsearchives.nseindia.com/corporate/COALINDIA_12022026190314_Presentation.pdf,True,
COALINDIA,2026-02-12 18:53:58,Outcome of Board Meeting,Un-Audited Financial Results of Coal India Limited (Standalone & Consolidated) for the 3rd Quarter and Nine Months ended 31st December  2025 and declaration of 3rd Interim Dividend for FY 2025-26,https://nsearchives.nseindia.com/corporate/COALINDIA_12022026185237_results.pdf,True,
COALINDIA,2025-10-29 15:09:57,General Updates,Coal India Limited has informed the Exchange about General Updates- Presentation made by Company on the Un-Audited Financial Results of Coal India Limited (Standalone & Consolidated) for the 2nd Quarter ended 30th September  2025,https://nsearchives.nseindia.com/corporate/COALINDIA_29102025150912_signedpresentation.pdf,True,
COALINDIA,2025-10-29 13:43:45,Outcome of Board Meeting,"Coal India Limited has submitted to the Exchange, the financial results for the period ended September 30, 2025.-Un-Audited Financial Results of Coal India Limited (Standalone & Consolidated) for the 2nd Quarter ended 30th September  2025 and declaration of 2nd Interim Dividend for FY 2025-26.",https://nsearchives.nseindia.com/corporate/COALINDIA_29102025134235_acctsfinalsigned.pdf,True,2025-09-30
DRREDDY,2026-07-22 16:18:02,Outcome of Board Meeting,"Dr. Reddy's Laboratories Limited has submitted to the Exchange, the financial results for the period ended Jun 30, 2026.",https://nsearchives.nseindia.com/corporate/DRREDDY_22072026161515_SE_Intimation_Outcome_results_22072026_1.pdf,True,2026-06-30
DRREDDY,2026-05-12 16:39:16,Outcome of Board Meeting,"Dr. Reddy's Laboratories Limited has submitted to the Exchange, the financial results for the period ended March 31, 2026.",https://nsearchives.nseindia.com/corporate/DRREDDY_12052026163727_SEintimation_Outcome_of_BM_12052026_signed.pdf,True,2026-03-31
DRREDDY,2026-01-21 17:03:34,Outcome of Board Meeting,"Dr. Reddy's Laboratories Limited has submitted to the Exchange,  unaudited financial results for the  quarter and nine months ended December 31, 2025.",https://nsearchives.nseindia.com/corporate/DRREDDY_21012026165722_SE_Intimation_Outcome_of_BM.pdf,True,
DRREDDY,2025-10-24 16:44:48,Outcome of Board Meeting,"Dr. Reddy's Laboratories Limited has submitted to the Exchange, the financial results for the period ended September 30, 2025.",https://nsearchives.nseindia.com/corporate/DRREDDY_24102025164215_SEintimation_Outcome_Results_24102025_signed_final.pdf,True,2025-09-30
EICHERMOT,2026-07-29 18:29:49,Outcome of Board Meeting,"Eicher Motors Limited has submitted to the Exchange, the financial results for the period ended Jun 30, 2026.",https://nsearchives.nseindia.com/corporate/EICHERMOT_29072026182700_EMLOutcomeofBoardMeetingJuly292026Signed.pdf,True,2026-06-30
EICHERMOT,2026-05-22 16:51:45,Outcome of Board Meeting,"Eicher Motors Limited has submitted to the Exchange, the financial results for the period ended March 31, 2026.",https://nsearchives.nseindia.com/corporate/EICHERMOT_22052026164926_EMLOutcomeofBoardMeetingMay222026Signed.pdf,True,2026-03-31
EICHERMOT,2026-02-10 16:41:18,Outcome of Board Meeting,"Eicher Motors Limited has submitted to the Exchange, the financial results for the period ended December 31, 2025.",https://nsearchives.nseindia.com/corporate/EICHERMOT_10022026163937_EMLOutcomeBM10022026Signed.pdf,True,2025-12-31
EICHERMOT,2025-11-13 15:13:44,Outcome of Board Meeting,"Eicher Motors Limited has submitted to the Exchange, the financial results for the period ended September 30, 2025.",https://nsearchives.nseindia.com/corporate/EICHERMOT_13112025151125_EMLFinancialResultsSeptember302025Signed.pdf,True,2025-09-30
GRASIM,2026-08-12 14:27:39,Outcome of Board Meeting,Unaudited Financial Results (Standalone & Consolidated) for the quarter ended 30th June 2026,https://nsearchives.nseindia.com/corporate/GRASIM_12082026142619_Seintimation.pdf,True,
GRASIM,2026-05-20 14:37:37,Outcome of Board Meeting,Audited Financial Results (Standalone & Consolidated) and recommendation of final Dividend for the year ended 31st March 2026 and appointment of Joint Statutory Auditor of the Company,https://nsearchives.nseindia.com/corporate/GRASIM_20052026143701_Seintimationfinal.pdf,True,
GRASIM,2026-02-10 17:50:12,Outcome of Board Meeting,Unaudited Financial Results (Standalone & Consolidated) for the quarter and nine months ended 31st December 2025,https://nsearchives.nseindia.com/corporate/GRASIM_10022026174958_SEIntimationOutcomeFinal.pdf,True,
GRASIM,2025-11-05 13:54:08,Outcome of Board Meeting,Unaudited Financial Results (Standalone & Consolidated) for the quarter and half year ended 30th September 2025,https://nsearchives.nseindia.com/corporate/GRASIM_05112025135355_SEIntimationResults.pdf,True,
HCLTECH,2026-07-13 17:41:00,Outcome of Board Meeting,"HCL Technologies Limited has submitted to the Exchange, the financial results for the period ended Jun 30, 2026.",https://nsearchives.nseindia.com/corporate/HCLTECH_13072026174034_FinancialResults13July26.pdf,True,2026-06-30
HCLTECH,2026-04-21 18:01:20,Outcome of Board Meeting,"HCL Technologies Limited has submitted to the Exchange, the financial results for the period ended March 31, 2026.",https://nsearchives.nseindia.com/corporate/HCLTECH_21042026175820_FinancialResults.pdf,True,2026-03-31
HCLTECH,2026-01-12 17:09:38,Outcome of Board Meeting,"HCL Technologies Limited has submitted to the Exchange, the financial results for the period ended December 31, 2025.",https://nsearchives.nseindia.com/corporate/HCLTECH_12012026170902_FinancialResults.pdf,True,2025-12-31
HCLTECH,2025-10-13 17:44:20,Outcome of Board Meeting,"HCL Technologies Limited has submitted to the Exchange, the financial results for the period ended September 30, 2025.",https://nsearchives.nseindia.com/corporate/HCLTECH_13102025174254_FinancialResults_1.pdf,True,2025-09-30
HDFCBANK,2026-07-18 14:22:30,Outcome of Board Meeting,"HDFC Bank Limited has submitted to the Exchange, the financial results for the period ended Jun 30, 2026.",https://nsearchives.nseindia.com/corporate/HDFCBANK_18072026142204_SEIntimationResult30062026.pdf,True,2026-06-30
HDFCBANK,2026-04-18 14:45:47,Outcome of Board Meeting,"HDFC Bank Limited has submitted to the Exchange, the financial results for the period ended March 31, 2026.",https://nsearchives.nseindia.com/corporate/HDFCBANK_18042026144226_SEResultOutcome18042026.pdf,True,2026-03-31
HDFCBANK,2026-01-17 14:41:09,Outcome of Board Meeting,"HDFC Bank Limited has submitted to the Exchange, the financial results for the period ended December 31, 2025.",https://nsearchives.nseindia.com/corporate/HDFCBANK_17012026143925_SEResultReg3017012026.pdf,True,2025-12-31
HDFCBANK,2025-10-18 14:08:44,Outcome of Board Meeting,"HDFC Bank Limited has submitted to the Exchange, the financial results for the period ended September 30, 2025.",https://nsearchives.nseindia.com/corporate/HDFCBANK_18102025140719_SEintimationBMFinancialResults18102025.pdf,True,2025-09-30
HDFCLIFE,2026-07-15 15:47:39,Outcome of Board Meeting,"HDFC Life Insurance Company Limited has submitted to the Exchange, the financial results for the period ended Jun 30, 2026.",https://nsearchives.nseindia.com/corporate/HDFCLIFE2_15072026154706_Board_Meeting_Outcome_-_July_15.pdf,True,2026-06-30
HDFCLIFE,2026-04-16 16:41:29,Outcome of Board Meeting,"HDFC Life Insurance Company Limited has submitted to the Exchange, the financial results for the period ended March 31, 2026.",https://nsearchives.nseindia.com/corporate/PRASAD_16042026163334_Board.pdf,True,2026-03-31
HDFCLIFE,2026-01-15 16:47:34,Outcome of Board Meeting,"HDFC Life Insurance Company Limited has submitted to the Exchange, the financial results for the period ended December 31, 2025.",https://nsearchives.nseindia.com/corporate/PRASAD_15012026164718_BM_Outcome_1501.pdf,True,2025-12-31
HDFCLIFE,2025-10-15 16:32:05,Outcome of Board Meeting,"HDFC Life Insurance Company Limited has submitted to the Exchange, the financial results for the period ended September 30, 2025.",https://nsearchives.nseindia.com/corporate/PRASAD_15102025162935_BM_Outcome.pdf,True,2025-09-30
HINDALCO,2026-08-07 14:40:26,Outcome of Board Meeting,"Hindalco Industries Limited has submitted to the Exchange, the financial results for the period ended Jun 30, 2026.",https://nsearchives.nseindia.com/corporate/HINDALCOIND_07082026143809_BM_Outcome_final_signed.pdf,True,2026-06-30
HINDALCO,2026-05-22 17:22:17,Outcome of Board Meeting,"Hindalco Industries Limited has submitted to the Exchange, the financial results for the period ended March 31, 2026.",https://nsearchives.nseindia.com/corporate/HINDALCOIND_22052026171757_BM_Outcome_2205_final_signed.pdf,True,2026-03-31
HINDALCO,2026-02-12 17:06:59,Outcome of Board Meeting,"Hindalco Industries Limited has submitted to the Exchange, the financial results for the period ended December 31, 2025.",https://nsearchives.nseindia.com/corporate/HINDALCOIND_12022026165950_BM_Outcome_12022026_merged_signed.pdf,True,2025-12-31
HINDALCO,2025-11-07 13:42:08,Outcome of Board Meeting,"Hindalco Industries Limited has submitted to the Exchange, the financial results for the period ended September 30, 2025.",https://nsearchives.nseindia.com/corporate/HINDALCOIND_07112025134111_BM_Outcome_Nov7_Signed.pdf,True,2025-09-30
HINDUNILVR,2026-04-30 10:28:34,Outcome of Board Meeting,"Hindustan Unilever Limited has submitted to the Exchange, the financial results for the period ended March 31, 2026.",https://nsearchives.nseindia.com/corporate/HINDUNILVR_30042026102743_OutcomeofBoardMeeting30042026signed.pdf,True,2026-03-31
ICICIBANK,2026-07-18 14:23:53,Outcome of Board Meeting,"ICICI Bank Limited has submitted to the Exchange, the unaudited financial results of the Bank (standalone and consolidated) for the quarter ended June 30, 2026.",https://nsearchives.nseindia.com/corporate/ICICI2022_18072026142245_NSEBSE_18072026_.pdf,True,2026-06-30
ICICIBANK,2026-04-18 14:59:55,Outcome of Board Meeting,"ICICI Bank Limited has submitted to the Exchange, the audited financial results (standalone and consolidated) for the quarter and year ended March 31, 2026.",https://nsearchives.nseindia.com/corporate/ICICI2022_18042026145407_NSEBSE_18042026.pdf,True,2026-03-31
ICICIBANK,2026-01-17 15:06:50,Outcome of Board Meeting,"ICICI Bank Limited has submitted to the Exchange, the unaudited financial results (standalone and consolidated) for the quarter and nine months ended December 31, 2025.",https://nsearchives.nseindia.com/corporate/ICICI2022_17012026150619_NSEBSE_17012026.pdf,True,
ICICIBANK,2025-10-18 14:41:48,Outcome of Board Meeting,"ICICI Bank Limited has submitted to the Exchange, the unaudited financial results (standalone and consolidated) for the quarter and six months ended September 30, 2025.",https://nsearchives.nseindia.com/corporate/ICICI2022_18102025144037_BSENSE.pdf,True,
INDIGO,2026-07-23 15:40:32,Outcome of Board Meeting,"InterGlobe Aviation Limited has submitted to the Exchange, the financial results for the period ended Jun 30, 2026.",https://nsearchives.nseindia.com/corporate/Indigo1_23072026153824_Board_Meeting_Results_23072026.pdf,True,2026-06-30
INDIGO,2026-05-29 16:29:21,Outcome of Board Meeting,"InterGlobe Aviation Limited has submitted to the Exchange, the financial results for the period ended March 31, 2026.",https://nsearchives.nseindia.com/corporate/Indigo1_29052026162550_Outcome_of_BM_29052027.pdf,True,2026-03-31
INDIGO,2026-05-29 16:12:49,Outcome of Board Meeting,"InterGlobe Aviation Limited has submitted to the Exchange, the financial results for the period ended March 31, 2026.",https://nsearchives.nseindia.com/corporate/Indigo1_29052026161033_Outcome_of_BM_29052027.pdf,True,2026-03-31
INDIGO,2026-01-22 16:10:44,Outcome of Board Meeting,"InterGlobe Aviation Limited has submitted to the Exchange, the financial results for the period ended December 31, 2025.",https://nsearchives.nseindia.com/corporate/Indigo1_22012026160926_Outcome_Results.pdf,True,2025-12-31
INDIGO,2025-11-04 16:00:43,Outcome of Board Meeting,"InterGlobe Aviation Limited has submitted to the Exchange, the financial results for the period ended September 30, 2025.",https://nsearchives.nseindia.com/corporate/Indigo1_04112025160010_FR.pdf,True,2025-09-30
INFY,2026-07-23 16:20:26,Outcome of Board Meeting,"Infosys Limited has submitted to the Exchange, the financial results for the period ended Jun 30, 2026.",https://nsearchives.nseindia.com/corporate/Infosys_23072026161911_Outcome23072026V1_1.pdf,True,2026-06-30
INFY,2026-04-23 17:01:01,Outcome of Board Meeting,"Infosys Limited has submitted to the Exchange, the financial results for the period ended March 31, 2026.",https://nsearchives.nseindia.com/corporate/Infosys_23042026170027_outcome.pdf,True,2026-03-31
INFY,2026-01-14 16:05:05,Outcome of Board Meeting,"Infosys Limited has submitted to the Exchange, the financial results for the period ended December 31, 2025.",https://nsearchives.nseindia.com/corporate/Infosys_14012026160405_BM_Outcome_January142026.pdf,True,2025-12-31
INFY,2025-10-16 16:06:54,Outcome of Board Meeting,"Infosys Limited has submitted to the Exchange, the financial results for the period ended September 30, 2025.",https://nsearchives.nseindia.com/corporate/Infosys_16102025160458_BM_Outcome_Oct162025.pdf,True,2025-09-30
ITC,2026-07-31 16:31:22,Outcome of Board Meeting,"ITC Limited has submitted to the Exchange, the financial results for the period ended Jun 30, 2026.",https://nsearchives.nseindia.com/corporate/ITC_31072026162945_Results.pdf,True,2026-06-30
ITC,2026-05-21 15:22:20,Outcome of Board Meeting,"ITC Limited has submitted to the Exchange, the financial results for the period ended March 31, 2026.",https://nsearchives.nseindia.com/corporate/ITC_21052026152029_Results.pdf,True,2026-03-31
ITC,2026-01-29 18:50:58,General Updates,ITC Limited has informed the Exchange about Unaudited Financial Results - Media Statement and Presentation,https://nsearchives.nseindia.com/corporate/ITC_29012026185052_SE_Media_.pdf,True,
ITC,2026-01-29 18:37:26,Outcome of Board Meeting,"ITC Limited has submitted to the Exchange, the financial results for the period ended December 31, 2025.",https://nsearchives.nseindia.com/corporate/ITC_29012026183500_SE_Results_.pdf,True,2025-12-31
ITC,2025-10-30 16:42:48,General Updates,ITC Limited has informed the Exchange about Unaudited Financial Results - Media Statement and Presentation,https://nsearchives.nseindia.com/corporate/ITC_30102025164240_SE_Media_.pdf,True,
ITC,2025-10-30 16:26:13,Outcome of Board Meeting,"ITC Limited has submitted to the Exchange, the financial results for the period ended September 30, 2025.",https://nsearchives.nseindia.com/corporate/ITC_30102025162449_Results.pdf,True,2025-09-30
JIOFIN,2026-01-15 16:26:35,Outcome of Board Meeting,"Unaudited Financial Results for the quarter and nine months ended December 31, 2025",https://nsearchives.nseindia.com/corporate/JIOFINANCIAL_15012026162620_JFSL.pdf,True,
JIOFIN,2025-10-16 18:22:37,Outcome of Board Meeting,"In continuation of our letter dated October 9, 2025 and pursuant to Regulation 33 and other applicable provisions of the SEBI (Listing Obligations and Disclosure Requirements) Regulations, 2015, we attach the Unaudited Financial Results (Consolidated and Standalone) for the quarter and half year end",https://nsearchives.nseindia.com/corporate/JIOFINANCIAL_16102025181806_JFSL.pdf,True,2025-09-30
JSWSTEEL,2026-07-17 14:43:55,Outcome of Board Meeting,"JSW Steel Limited has submitted to the Exchange, the financial results for the period ended Jun 30, 2026.",https://nsearchives.nseindia.com/corporate/jessydenny_17072026144125_Results_covering.pdf,True,2026-06-30
JSWSTEEL,2026-05-14 15:32:30,Outcome of Board Meeting,"JSW Steel Limited has submitted to the Exchange, the financial results for the period ended March 31, 2026.",https://nsearchives.nseindia.com/corporate/jessydenny_14052026153116_Results.pdf,True,2026-03-31
JSWSTEEL,2026-01-23 15:29:13,Outcome of Board Meeting,"JSW Steel Limited has submitted to the Exchange, the financial results for the period ended December 31, 2025.",https://nsearchives.nseindia.com/corporate/Supriya_23012026152658_results.pdf,True,2025-12-31
JSWSTEEL,2025-10-17 14:52:36,Outcome of Board Meeting,"JSW Steel Limited has submitted to the Exchange, the financial results for the period ended September 30, 2025.",https://nsearchives.nseindia.com/corporate/Supriya_17102025145203_Results.pdf,True,2025-09-30
KOTAKBANK,2026-07-18 18:43:52,Outcome of Board Meeting,"Kotak Mahindra Bank Limited has submitted to the Exchange, the financial results for the period ended Jun 30, 2026.",https://nsearchives.nseindia.com/corporate/KMBLTAB_18072026184256_OutcomeofBMJuly182026signed.pdf,True,2026-06-30
KOTAKBANK,2026-07-18 12:50:33,General Updates,"Investor Presentation for Earnings Conference Call on the Consolidated and Standalone Unaudited Financial Results of the Bank for the quarter ended June 30, 2026",https://nsearchives.nseindia.com/corporate/KMBLTAB_18072026125020_InvestorPresentationJuly182026signed.pdf,True,2026-06-30
KOTAKBANK,2026-07-18 12:37:58,Outcome of Board Meeting,"Kotak Mahindra Bank Limited has submitted to the Exchange, the financial results for the period ended June 30, 2026.",https://nsearchives.nseindia.com/corporate/KMBLTAB_18072026123234_OutcomeofBMJuly182026signed.pdf,True,2026-06-30
KOTAKBANK,2026-05-02 15:29:12,General Updates,"Investor Presentation for the Earnings Conference Call on the Consolidated and Standalone Audited Financial Results of the Bank for the Financial Year ended March 31, 2026",https://nsearchives.nseindia.com/corporate/Kotakmahindrabank_02052026152855_Investorpresentation02052026signed.pdf,True,2026-03-31
KOTAKBANK,2026-05-02 14:56:46,Outcome of Board Meeting,"Kotak Mahindra Bank Limited has submitted to the Exchange, the financial results for the period ended March 31, 2026.",https://nsearchives.nseindia.com/corporate/Kotakmahindrabank_02052026145422_OutcomeofBMMay22026Financialssigned.pdf,True,2026-03-31
KOTAKBANK,2026-01-24 14:40:17,General Updates,"Kotak Mahindra Bank Limited has informed the Exchange about Investor Presentation for Earnings Conference Call on the Consolidated and Standalone Unaudited Financial Results of the Bank for the quarter and nine months ended December 31, 2025",https://nsearchives.nseindia.com/corporate/Kotakmahindrabank_24012026144004_InvestorPresentationJan242026.pdf,True,
KOTAKBANK,2026-01-24 14:18:34,Outcome of Board Meeting,"Kotak Mahindra Bank Limited has submitted to the Exchange, the financial results for the period ended December 31, 2025.",https://nsearchives.nseindia.com/corporate/Kotakmahindrabank_24012026141810_OutcomeofBMJan242026.pdf,True,2025-12-31
KOTAKBANK,2025-10-25 12:33:50,General Updates,"Kotak Mahindra Bank Limited has informed the Exchange about Investor Presentation for the Earnings Conference Call on the Consolidated and Standalone Unaudited Financial Results of the Bank for the quarter and half-year ended September 30, 2025",https://nsearchives.nseindia.com/corporate/Kotakmahindrabank_25102025123342_Q2FY26InvestorPresentationsigned.pdf,True,2025-09-30
KOTAKBANK,2025-10-25 12:19:57,Outcome of Board Meeting,"Kotak Mahindra Bank Limited has submitted to the Exchange, the financial results for the period ended September 30, 2025.",https://nsearchives.nseindia.com/corporate/Kotakmahindrabank_25102025121931_FinancialResultssigned.pdf,True,2025-09-30
LT,2026-07-28 17:18:41,Outcome of Board Meeting,"Larsen & Toubro Limited has submitted to the Exchange, the un-audited financial results for the period ended Jun 30, 2026.",https://nsearchives.nseindia.com/corporate/PAM_28072026171704_LTJune2026.pdf,True,2026-06-30
LT,2026-01-28 17:35:10,Outcome of Board Meeting,"Larsen & Toubro Limited has submitted to the Exchange, the financial results for the period ended December 31, 2025.",https://nsearchives.nseindia.com/corporate/PAM_28012026173147_ResultDec2025.pdf,True,2025-12-31
LT,2025-10-29 17:12:35,Outcome of Board Meeting,"Larsen & Toubro Limited has submitted to the Exchange, the financial results for the period ended September 30, 2025.",https://nsearchives.nseindia.com/corporate/PAM_29102025171032_ResultsSep2025.pdf,True,2025-09-30
M&M,2026-07-30 12:58:45,Outcome of Board Meeting,"Mahindra & Mahindra Limited has submitted to the Exchange, the financial results for the period ended 30 June 2026.",https://nsearchives.nseindia.com/corporate/Pooja_30072026125821_FinaloutcomeMM.pdf,True,
M&M,2026-05-05 12:22:12,Outcome of Board Meeting,"Mahindra & Mahindra Limited has submitted to the Exchange, the financial results for the period ended March 31, 2026.",https://nsearchives.nseindia.com/corporate/Pooja_05052026121919_Outcome_of_Board_Meeting_5th_May_2026.pdf,True,2026-03-31
M&M,2026-02-11 11:51:42,Outcome of Board Meeting,"Mahindra & Mahindra Limited has submitted to the Exchange, the financial results for the period ended December 31, 2025.",https://nsearchives.nseindia.com/corporate/Deepak_11022026115129_SE_Intimation_Outcome_of_Board_Meeting.pdf,True,2025-12-31
M&M,2025-11-04 13:25:32,Outcome of Board Meeting,"Mahindra & Mahindra Limited has submitted to the Exchange, the financial results for the period ended September 30, 2025.",https://nsearchives.nseindia.com/corporate/ferozebaria_04112025132432_SEIntimationOutcomeofBoardMeeting.pdf,True,2025-09-30
MARUTI,2026-07-31 16:39:44,Outcome of Board Meeting,"Maruti Suzuki India Limited has submitted to the Exchange, the financial results for the period ended Jun 30, 2026.",https://nsearchives.nseindia.com/corporate/MARUTI_31072026163813_QuickResults_Q1_FY2026_27.pdf,True,2026-06-30
MARUTI,2026-04-28 14:41:09,Outcome of Board Meeting,"Maruti Suzuki India Limited has submitted to the Exchange, the financial results for the period ended March 31, 2026.",https://nsearchives.nseindia.com/corporate/MARUTI_28042026144002_STxIntimation_QuickResults_31Mar2026.pdf,True,2026-03-31
MARUTI,2026-01-28 14:11:41,Outcome of Board Meeting,"Maruti Suzuki India Limited has submitted to the Exchange, the financial results for the period ended December 31, 2025.",https://nsearchives.nseindia.com/corporate/MARUTIASHISH_28012026141045_Results_Q3_FY2025-26.pdf,True,2025-12-31
MARUTI,2025-10-31 14:19:05,Outcome of Board Meeting,"Maruti Suzuki India Limited has submitted to the Exchange, the financial results for the period ended September 30, 2025.",https://nsearchives.nseindia.com/corporate/MARUTIASHISH_31102025141548_Stxintimation_FinancialReults_30Sep2025.pdf,True,2025-09-30
MAXHEALTH,2026-08-13 14:27:18,Outcome of Board Meeting,"Max Healthcare Institute Limited has submitted to the Exchange, the financial results for the period ended Jun 30, 2026.",https://nsearchives.nseindia.com/corporate/MAXHEALTH_13082026142654_SE_Intimation.pdf,True,2026-06-30
MAXHEALTH,2026-05-21 16:25:53,Outcome of Board Meeting,"Max Healthcare Institute Limited has submitted to the Exchange, the financial results for the period ended March 31, 2026.",https://nsearchives.nseindia.com/corporate/MAXHEALTH_21052026162505_SE_Intimation_Board_Meeting_Outcome.pdf,True,2026-03-31
MAXHEALTH,2026-02-05 13:37:46,Outcome of Board Meeting,"Max Healthcare Institute Limited has submitted to the Exchange, the financial results for the period ended December 31, 2025.",https://nsearchives.nseindia.com/corporate/MAXHEALTH_05022026133658_SE_Intimation_Board_Meeting_Outcome_sd.pdf,True,2025-12-31
MAXHEALTH,2025-11-14 20:33:48,Outcome of Board Meeting,"Max Healthcare Institute Limited has submitted to the Exchange, the financial results for the period ended September 30, 2025.",https://nsearchives.nseindia.com/corporate/MAXHEALTH_14112025203248_SE_Intimation_Board_Meeting_Outcome.pdf,True,2025-09-30
NESTLEIND,2026-07-22 11:11:18,Outcome of Board Meeting,"Nestle India Limited has submitted to the Exchange, the Unaudited Financial Results (standalone and consolidated) for the first quarter ended 30th June 2026",https://nsearchives.nseindia.com/corporate/NESTLEIND1_22072026111047_BSENSEUFRs30062026signed.pdf,True,
NESTLEIND,2026-01-30 13:50:52,Outcome of Board Meeting,"Nestle India Limited has submitted to the Exchange, the unaudited financial results (standalone and consolidated) for third quarter and nine months ended 31st December 2025.",https://nsearchives.nseindia.com/corporate/NESTLEIND1_30012026134958_BSENSEOutcomeResults30012026signed.pdf,True,
NESTLEIND,2025-10-16 11:49:22,Outcome of Board Meeting,"Nestle India Limited has submitted to the Exchange, the financial results for the period ended September 30, 2025.",https://nsearchives.nseindia.com/corporate/NESTLEIND1_16102025114753_NestleIndiaOutcomeUFRsQ2FY202526signed.pdf,True,2025-09-30
NTPC,2026-07-24 19:43:51,Outcome of Board Meeting,"NTPC Limited has submitted to the Exchange, the financial results for the period ended Jun 30, 2026.",https://nsearchives.nseindia.com/corporate/9425178051_24072026194139_QFRQ1FY27.pdf,True,2026-06-30
NTPC,2026-05-23 15:15:04,Outcome of Board Meeting,"NTPC Limited has submitted to the Exchange, the financial results for the period ended March 31, 2026.",https://nsearchives.nseindia.com/corporate/9425178051_23052026151216_NTPCAFR26.pdf,True,2026-03-31
NTPC,2026-01-30 16:33:05,Outcome of Board Meeting,"NTPC Limited has submitted to the Exchange, the financial results for the period ended December 31, 2025.",https://nsearchives.nseindia.com/corporate/akshatjain_30012026162932_Q3FY26.pdf,True,2025-12-31
NTPC,2025-10-30 18:51:11,Outcome of Board Meeting,"NTPC Limited has submitted to the Exchange, the financial results for the period ended September 30, 2025.",https://nsearchives.nseindia.com/corporate/ishkumar_30102025184944_NTPCQ2FY26.pdf,True,2025-09-30
ONGC,2026-08-04 20:03:37,Outcome of Board Meeting,"Oil & Natural Gas Corporation Limited has submitted to the Exchange, the financial results for the period ended Jun 30, 2026.",https://nsearchives.nseindia.com/corporate/ONGC_04082026200149_finalfinancials04082026.pdf,True,2026-06-30
ONGC,2026-05-26 20:58:27,Outcome of Board Meeting,"Oil & Natural Gas Corporation Limited has submitted to the Exchange, the financial results for the period ended March 31, 2026.",https://nsearchives.nseindia.com/corporate/ONGC_26052026205304_Financialresults31032026SD.pdf,True,2026-03-31
ONGC,2026-02-12 21:27:07,Outcome of Board Meeting,"Oil & Natural Gas Corporation Limited has submitted to the Exchange, the financial results for the period ended December 31, 2025.",https://nsearchives.nseindia.com/corporate/ONGC_12022026211832_FINALOUTCOME120226SD.pdf,True,2025-12-31
ONGC,2025-11-10 22:18:44,Outcome of Board Meeting,"Oil & Natural Gas Corporation Limited has submitted to the Exchange, the financial results for the period ended September 30, 2025.",https://nsearchives.nseindia.com/corporate/ONGC_10112025221013_finaloutcome10112025.pdf,True,2025-09-30
POWERGRID,2026-08-05 22:43:02,Outcome of Board Meeting,"Power Grid Corporation of India Limited has submitted to the Exchange, the financial results for the period ended Jun 30, 2026.",https://nsearchives.nseindia.com/corporate/POWERGRID1_05082026223351_BSENSE.pdf,True,2026-06-30
POWERGRID,2025-11-03 18:19:24,Outcome of Board Meeting,"Power Grid Corporation of India Limited has submitted to the Exchange, the financial results for the period ended September 30, 2025.",https://nsearchives.nseindia.com/corporate/POWERGRID1_03112025181636_BSENSEReg30OutcomeFSdt03112025.pdf,True,2025-09-30
RELIANCE,2026-07-17 19:07:44,Outcome of Board Meeting,"Please find attached Consolidated and Standalone unaudited financial results for the quarter ended June 30, 2026.",https://nsearchives.nseindia.com/corporate/kavinavora_17072026190726_SE_FR_1.pdf,True,2026-06-30
RELIANCE,2026-04-24 19:28:41,Dividend,"In continuation of our letter dated April 17, 2026, we wish to inform you that the Board of Directors of the Company, at its meeting held today, has inter alia:1. approved the Audited Financial Statements (Consolidated and Standalone) for the financial year ended March 31, 2026 and the Audited Finan",https://nsearchives.nseindia.com/corporate/kavinavora_24042026192751_SE_24042026_FR.pdf,True,2026-03-31
RELIANCE,2026-04-24 19:26:28,Outcome of Board Meeting,"In continuation of our letter dated April 17, 2026, we wish to inform you that the Board of Directors of the Company, at its meeting held today, has inter alia:1. approved the Audited Financial Statements (Consolidated and Standalone) for the financial year ended March 31, 2026 and the Audited Finan",https://nsearchives.nseindia.com/corporate/kavinavora_24042026192614_SE_24042026_FR.pdf,True,2026-03-31
RELIANCE,2026-01-16 19:09:20,Outcome of Board Meeting,"Reliance Industries Limited has submitted to the Exchange, the consolidated and standalone unaudited financial results for the quarter and nine months ended December 31, 2025.",https://nsearchives.nseindia.com/corporate/kavinavora_16012026190810_FR_1.pdf,True,
SBILIFE,2026-07-24 14:40:58,Outcome of Board Meeting,"SBI Life Insurance Company Limited has submitted to the Exchange, the financial results for the period ended Jun 30, 2026.",https://nsearchives.nseindia.com/corporate/SBILIFE_24072026144041_SEBM24072026_signed.pdf,True,2026-06-30
SBILIFE,2026-04-22 15:31:56,Outcome of Board Meeting,"SBI Life Insurance Company Limited has submitted to the Exchange, the financial results for the period ended March 31, 2026.",https://nsearchives.nseindia.com/corporate/SBILIFE_22042026153018_SEBM22042026_signed.pdf,True,2026-03-31
SBILIFE,2026-01-28 14:43:29,Outcome of Board Meeting,"SBI Life Insurance Company Limited has submitted to the Exchange, the financial results for the period ended December 31, 2025.",https://nsearchives.nseindia.com/corporate/SBILIFE_28012026144048_BM28012026_Signed.pdf,True,2025-12-31
SBILIFE,2025-10-24 15:27:47,Outcome of Board Meeting,"SBI Life Insurance Company Limited has submitted to the Exchange, the financial results for the period ended September 30, 2025.",https://nsearchives.nseindia.com/corporate/SBILIFE_24102025152539_BM24102025_signed.pdf,True,2025-09-30
SBIN,2026-08-07 13:44:20,Outcome of Board Meeting,"SBIN: State Bank of India has submitted to the Exchange, the financial results for the period ended Jun 30, 2026.",https://nsearchives.nseindia.com/corporate/SBIN_07082026134346_FR.pdf,True,2026-06-30
SBIN,2026-02-07 13:30:39,Outcome of Board Meeting,"State Bank Of India has submitted to the Exchange, the financial results for the period ended December 31, 2025.",https://nsearchives.nseindia.com/corporate/SBIN_07022026133016_FR_31122025.pdf,True,2025-12-31
SBIN,2025-11-04 13:26:22,Outcome of Board Meeting,"State Bank Of India has submitted to the Exchange, the financial results for the period ended September 30, 2025.",https://nsearchives.nseindia.com/corporate/SBIN_04112025132600_FR_signed.pdf,True,2025-09-30
SHRIRAMFIN,2026-07-24 13:50:47,Outcome of Board Meeting,"Shriram Finance Limited has submitted to the Exchange, the financial results for the period ended Jun 30, 2026.",https://nsearchives.nseindia.com/corporate/Mathew_24072026134939_OutcomeofBMNSEBSE.pdf,True,2026-06-30
SHRIRAMFIN,2026-04-24 15:05:55,Outcome of Board Meeting,"Shriram Finance Limited has submitted to the Exchange, the financial results for the period ended March 31, 2026.",https://nsearchives.nseindia.com/corporate/Mathew_24042026150533_NSEBSEOUTCOMEOFBM.pdf,True,2026-03-31
SHRIRAMFIN,2026-01-23 14:09:50,Outcome of Board Meeting,"Shriram Finance Limited has submitted to the Exchange, the financial results for the period ended December 31, 2025.",https://nsearchives.nseindia.com/corporate/Mathew_23012026140826_OutcomeofBMJanuary232026.pdf,True,2025-12-31
SHRIRAMFIN,2025-10-31 14:33:22,Outcome of Board Meeting,"Shriram Finance Limited has submitted to the Exchange, the financial results for the period ended September 30, 2025.",https://nsearchives.nseindia.com/corporate/Mathew_31102025143143_NSEBSEBMOutcomeSepQrtr25.pdf,True,2025-09-30
SUNPHARMA,2026-05-22 14:43:51,Outcome of Board Meeting,"Sun Pharmaceutical Industries Limited has submitted to the Exchange, the Audited Financial Results for the quarter and year ended 31 March 2026.",https://nsearchives.nseindia.com/corporate/SUNSEC_22052026144322_BMOutcome22052026.pdf,True,
SUNPHARMA,2026-01-31 14:28:16,Outcome of Board Meeting,Sun Pharmaceutical Industries Limited has submitted to the Exchange the Unaudited Financial Results for the quarter and nine months ended 31 December 2025.,https://nsearchives.nseindia.com/corporate/SUNSEC_31012026142728_BMOutcome.pdf,True,
SUNPHARMA,2025-11-05 16:05:32,Outcome of Board Meeting,"Sun Pharmaceutical Industries Limited has submitted to the Exchange, the financial results for the period ended September 30, 2025.",https://nsearchives.nseindia.com/corporate/SUNSEC_05112025155937_BMOutcomesigned.pdf,True,2025-09-30
TATACONSUM,2026-05-08 16:54:55,Outcome of Board Meeting,"TATA CONSUMER PRODUCTS LIMITED has submitted to the Exchange, the financial results for the period ended March 31, 2026.",https://nsearchives.nseindia.com/corporate/Kajal_08052026165201_Results.pdf,True,2026-03-31
TATACONSUM,2026-01-27 13:13:27,Outcome of Board Meeting,"TATA CONSUMER PRODUCTS LIMITED has submitted to the Exchange, the financial results for the period ended December 31, 2025.",https://nsearchives.nseindia.com/corporate/Sukhvinder_27012026131308_Outcome.pdf,True,2025-12-31
TATACONSUM,2025-11-03 12:50:10,Outcome of Board Meeting,"TATA CONSUMER PRODUCTS LIMITED has submitted to the Exchange, the financial results for the period ended September 30, 2025.",https://nsearchives.nseindia.com/corporate/Sukhvinder_03112025124637_Result.pdf,True,2025-09-30
TATASTEEL,2026-07-30 18:49:55,Outcome of Board Meeting,"Tata Steel Limited has submitted to the Exchange, the financial results for the period ended Jun 30, 2026.",https://nsearchives.nseindia.com/corporate/NIDHIFADNAVIS_30072026184647_BSENSEOutcome.pdf,True,2026-06-30
TATASTEEL,2026-05-15 17:44:51,Outcome of Board Meeting,"Tata Steel Limited has submitted to the Exchange, the financial results for the period ended March 31, 2026.",https://nsearchives.nseindia.com/corporate/NIDHIFADNAVIS_15052026174218_BSENSESIGNED.pdf,True,2026-03-31
TATASTEEL,2026-02-06 16:36:12,Outcome of Board Meeting,"Tata Steel Limited has submitted to the Exchange, the financial results for the period ended December 31, 2025.",https://nsearchives.nseindia.com/corporate/NIDHIFADNAVIS_06022026163325_BSENSESIGNEDOUTCOME.pdf,True,2025-12-31
TATASTEEL,2025-11-12 18:01:54,Outcome of Board Meeting,"Tata Steel Limited has submitted to the Exchange, the financial results for the period ended September 30, 2025.",https://nsearchives.nseindia.com/corporate/SWATISHETH_12112025175712_BSENSE.pdf,True,2025-09-30
TCS,2026-07-09 15:52:21,Outcome of Board Meeting,"Tata Consultancy Services Limited has submitted to the Exchange, the financial results for the period ended Jun 30, 2026.",https://nsearchives.nseindia.com/corporate/TCS_CORPCS_09072026155158_Post_BM_SE_Lettersigned.pdf,True,2026-06-30
TCS,2026-04-09 15:55:34,Outcome of Board Meeting,"Tata Consultancy Services Limited has submitted to the Exchange, the financial results for the period ended March 31, 2026.",https://nsearchives.nseindia.com/corporate/TCS_CORPCS_09042026155026_SE_Outcome_signed.pdf,True,2026-03-31
TCS,2026-01-12 15:50:27,Outcome of Board Meeting,"Tata Consultancy Services Limited has submitted to the Exchange, the financial results for the period ended December 31, 2025.",https://nsearchives.nseindia.com/corporate/TCS_CORPCS_12012026154849_Post_BM_SE_Letter_final.pdf,True,2025-12-31
TCS,2025-10-09 15:52:18,Outcome of Board Meeting,"Tata Consultancy Services Limited has submitted to the Exchange, the financial results for the period ended September 30, 2025.",https://nsearchives.nseindia.com/corporate/TCS_CORPCS_09102025154951_PostBMSELetter.pdf,True,2025-09-30
TECHM,2026-07-16 16:05:12,Outcome of Board Meeting,"Tech Mahindra Limited has submitted to the Exchange, the financial results for the period ended Jun 30, 2026.",https://nsearchives.nseindia.com/corporate/TECHM_16072026160242_Intimation-OutcomeQ1FY26_S.pdf,True,2026-06-30
TECHM,2026-04-22 13:51:29,Outcome of Board Meeting,"Tech Mahindra Limited has submitted to the Exchange, the financial results for the period ended March 31, 2026.",https://nsearchives.nseindia.com/corporate/TECHM_22042026135019_SEOutcomeF_S.pdf,True,2026-03-31
TECHM,2026-01-16 15:55:40,Outcome of Board Meeting,"Tech Mahindra Limited has submitted to the Exchange, the financial results for the period ended December 31, 2025.",https://nsearchives.nseindia.com/corporate/TECHM_16012026155314_Intimation_ResultsQ3FY26_S.pdf,True,2025-12-31
TECHM,2025-10-14 18:19:31,Outcome of Board Meeting,"Tech Mahindra Limited has submitted to the Exchange, the financial results for the period ended September 30, 2025.",https://nsearchives.nseindia.com/corporate/TECHM_14102025181826_SEOutcomeQ2FY26S.pdf,True,2025-09-30
TITAN,2026-05-08 13:53:28,Outcome of Board Meeting,"Titan Company Limited has submitted to the Exchange, the financial results for the period ended March 31, 2026.",https://nsearchives.nseindia.com/corporate/TITAN_08052026135234_SEoutcomeBMQ4202526.pdf,True,2026-03-31
TITAN,2026-02-10 17:04:16,Outcome of Board Meeting,"Titan Company Limited has submitted to the Exchange, the financial results for the period ended December 31, 2025.",https://nsearchives.nseindia.com/corporate/TITAN_10022026165938_SEoutcomeofBMQ3.pdf,True,2025-12-31
TITAN,2025-11-03 18:22:12,Outcome of Board Meeting,"Titan Company Limited has submitted to the Exchange, the financial results for the period ended September 30, 2025.",https://nsearchives.nseindia.com/corporate/TITAN_03112025181921_SEoutcomeBMQ2.pdf,True,2025-09-30
TMPV,2026-08-13 16:02:23,Outcome of Board Meeting,"Tata Motors Passenger Vehicles Limited has submitted to the Exchange, the financial results for the period ended June 30, 2026.",https://nsearchives.nseindia.com/corporate/TATAMOTORSSJS_13082026155435_NSEBSERESULT.pdf,True,2026-06-30
TMPV,2026-05-14 16:26:06,Outcome of Board Meeting,"Tata Motors Passenger Vehicles Limited has submitted to the Exchange, the financial results for the period ended March 31, 2026.",https://nsearchives.nseindia.com/corporate/TATAMOTORSSJS_14052026162456_FINAL.pdf,True,2026-03-31
TMPV,2026-02-05 15:59:01,Outcome of Board Meeting,"Tata Motors Passenger Vehicles Limited has submitted to the Exchange, the financial results for the period ended December 31, 2025.",https://nsearchives.nseindia.com/corporate/TATAMOTORSSJS_05022026155735_NSEBSEFINALSD.pdf,True,2025-12-31
TMPV,2025-11-14 15:27:48,Outcome of Board Meeting,"Tata Motors Passenger Vehicles Limited has submitted to the Exchange, the financial results for the period ended September 30, 2025.",https://nsearchives.nseindia.com/corporate/TATAMOTORSSJS_14112025152730_NSEBSEFINAL.pdf,True,2025-09-30
ULTRACEMCO,2026-07-20 14:22:16,Outcome of Board Meeting,"UltraTech Cement Limited has submitted to the Exchange, the financial results for the period ended June 30, 2026.",https://nsearchives.nseindia.com/corporate/ULTRACEMCO1_20072026142206_Outcome_of_BM.pdf,True,2026-06-30
ULTRACEMCO,2026-04-27 14:26:21,Outcome of Board Meeting,"UltraTech Cement Limited has submitted to the Exchange, the financial results for the period ended March 31, 2026.",https://nsearchives.nseindia.com/corporate/ULTRACEMCO1_27042026142549_Outcome_of_BM_Results.pdf,True,2026-03-31
ULTRACEMCO,2026-01-24 13:19:39,Outcome of Board Meeting,"UltraTech Cement Limited has submitted to the Exchange, the financial results for the period ended December 31, 2025.",https://nsearchives.nseindia.com/corporate/ULTRACEMCO1_24012026131728_Outcome_of_BM.pdf,True,2025-12-31
ULTRACEMCO,2025-10-18 14:02:25,Outcome of Board Meeting,"UltraTech Cement Limited has submitted to the Exchange, the financial results for the period ended September 30, 2025.",https://nsearchives.nseindia.com/corporate/ULTRACEMCO1_18102025140109_Outcome_of_BM_-_Results.pdf,True,2025-09-30
WIPRO,2026-07-16 15:49:54,Outcome of Board Meeting,"Wipro Limited has submitted to the Exchange, the financial results for the period ended Jun 30, 2026.",https://nsearchives.nseindia.com/corporate/Cslogin_16072026154829_Reg33Financials.pdf,True,2026-06-30
WIPRO,2026-04-16 16:26:22,Outcome of Board Meeting,"Wipro Limited has submitted to the Exchange, the financial results for the period ended March 31, 2026.",https://nsearchives.nseindia.com/corporate/Wipro_Secretarial_16042026162417_Reg33Financials.pdf,True,2026-03-31
WIPRO,2026-01-23 15:55:45,Clarification - Financial Results,"The Exchange has sought clarification from Wipro Limited for the quarter ended 31-Dec-2025 with respect to Regulation 33 of the SEBI (Listing Obligations and Disclosure Requirements) Regulations, 2015. On basis of above the Company is required to clarify the following: -1. Financial results submitte",-,False,
WIPRO,2026-01-16 15:39:57,Outcome of Board Meeting,"Wipro Limited has submitted to the Exchange, the financial results for the period ended December 31, 2025.",https://nsearchives.nseindia.com/corporate/Wipro_Secretarial_16012026153903_SEIntimationReg33.pdf,True,2025-12-31
WIPRO,2025-10-16 15:42:44,Outcome of Board Meeting,"Wipro Limited has submitted to the Exchange, the financial results for the period ended September 30, 2025.",https://nsearchives.nseindia.com/corporate/Wipro_Secretarial_16102025154100_SEIntimationOutcomeofBM.pdf,True,2025-09-30
